seed,condition,facts,item,depth,ntok,logprob_per_token
0,cold,A,0,0.0,34,-1.5198388833532055
0,cold,A,1,0.0106,22,-2.1764658455609935
0,cold,A,2,0.0182,27,-1.9741161271985792
0,cold,A,3,0.0283,18,-0.025133651269647492
0,cold,A,4,0.0362,29,-1.2398388044856457
0,cold,A,5,0.0532,16,-2.5001684885355644
0,cold,A,6,0.0599,15,-1.1676809328297775
0,cold,A,7,0.066,28,-1.6093257734651811
0,cold,A,8,0.0755,26,-1.9094835348839228
0,cold,A,9,0.0853,54,-0.4329986539093448
0,cold,A,10,0.1065,54,-2.1720847165496604
0,cold,A,11,0.1237,63,-2.6888374064546374
0,cold,A,12,0.1405,27,-2.99485289650814
0,cold,A,13,0.1504,36,-1.4979731924310424
0,cold,A,14,0.1623,14,-3.4832616980586733
0,cold,A,15,0.1749,19,-1.5441714022798758
0,cold,A,16,0.1817,41,-2.297215806592892
0,cold,A,17,0.2042,21,-2.800256626192658
0,cold,A,18,0.2112,35,-1.7879970973623651
0,cold,A,19,0.2196,31,-2.381337538921094
0,cold,A,20,0.2334,24,-3.144730470259674
0,cold,A,21,0.2408,19,-4.187776021144696
0,cold,A,22,0.2584,66,-2.5395115317087127
0,cold,A,23,0.2754,33,-3.723549817364211
0,cold,A,24,0.286,48,-3.678591035048157
0,cold,A,25,0.3019,18,-2.5533508178260593
0,cold,A,26,0.323,17,-0.560302501609412
0,cold,A,27,0.3326,38,-2.174453993396846
0,cold,A,28,0.3434,19,-2.5369828962904744
0,cold,A,29,0.3507,30,-2.5853372947856164
0,cold,A,30,0.3583,24,-2.2851517470553517
0,cold,A,31,0.3668,13,-1.2314640613129506
0,cold,A,32,0.3731,31,-2.6644968332069356
0,cold,A,33,0.3965,15,-3.1552999009688696
0,cold,A,34,0.4033,16,-2.6756141113583
0,cold,A,35,0.4088,24,-2.964322009361543
0,cold,A,36,0.4165,13,-4.624391471214879
0,cold,A,37,0.4221,26,-3.317465957200441
0,cold,A,38,0.4324,18,-2.031043690163642
0,cold,A,39,0.4529,18,-3.6769122500748685
0,cold,A,40,0.4607,26,-1.5197069868003241
0,cold,A,41,0.4673,20,-1.9273803175838111
0,cold,A,42,0.477,27,-2.108153782526238
0,cold,A,43,0.4927,23,-2.9845611200789395
0,cold,A,44,0.5017,18,-4.105348431815703
0,cold,A,45,0.5092,43,-2.6149573677475293
0,cold,A,46,0.5215,36,-3.2805607337504625
0,cold,A,47,0.5335,23,-2.6844616250499436
0,cold,A,48,0.5601,30,-1.4474301176596782
0,cold,A,49,0.5686,15,-2.3273795437843847
0,cold,A,50,0.5758,43,-2.128904207966962
0,cold,A,51,0.5889,26,-1.751860800351446
0,cold,A,52,0.5968,31,-1.6086450394216099
0,cold,A,53,0.6192,11,-4.606915698810057
0,cold,A,54,0.6269,40,-1.7063013107162988
0,cold,A,55,0.6437,53,-2.1798806429470923
0,cold,A,56,0.6571,21,-1.8231510446473425
0,cold,A,57,0.6644,15,-1.5231259920828355
0,cold,A,58,0.6801,16,-1.9922353187575936
0,cold,A,59,0.6867,15,-2.1933363899278144
0,cold,A,60,0.6932,23,-2.2113423453664165
0,cold,A,61,0.7029,23,-3.210624727865924
0,cold,A,62,0.7113,18,-0.5124222014872228
0,cold,A,63,0.7182,20,-2.7235609831754117
0,cold,A,64,0.7263,17,-2.708154447157593
0,cold,A,65,0.7367,28,-0.2205417002418731
0,cold,A,66,0.7458,22,-1.2783079314240653
0,cold,A,67,0.7541,49,-1.7293230686041263
0,cold,A,68,0.7678,22,-2.143076790476202
0,cold,A,69,0.7764,17,-1.6771229514304329
0,cold,A,70,0.7854,18,-2.1721980517031625
0,cold,A,71,0.7938,43,-2.8935205785017515
0,cold,A,72,0.8141,22,-4.167345965916121
0,cold,A,73,0.8296,17,-3.529728923650349
0,cold,A,74,0.8376,33,-1.7214473472435423
0,cold,A,75,0.8589,11,-1.562891187992963
0,cold,A,76,0.8798,16,-2.4942189168650657
0,cold,A,77,0.8924,25,-2.616373806078918
0,cold,A,78,0.9024,36,-2.241624444902603
0,cold,A,79,0.9142,31,-1.1545455194587233
0,cold,A,80,0.9298,25,-2.7995572929643093
0,cold,A,81,0.9463,24,-2.1666091219479617
0,cold,A,82,0.9581,20,-1.4367788688745349
0,cold,A,83,0.9645,20,-0.8071625703892096
0,cold,A,84,0.9712,13,-1.276033430145337
0,cold,A,85,0.9788,23,-1.9234283260125464
0,cold,A,86,0.9873,22,-1.5110404084605926
0,cold,B,0,0.0,31,-0.001595670828347436
0,cold,B,1,0.0696,20,-0.004410195937089157
0,cold,B,2,0.1106,26,-0.015095405055455138
0,cold,B,3,0.1636,25,-0.025679099019616843
0,cold,B,4,0.2162,27,-0.020552373461584835
0,cold,B,5,0.2662,22,-0.014212511568488977
0,cold,B,6,0.3671,19,-0.015286504863118017
0,cold,B,7,0.4124,18,-0.004924345063651951
0,cold,B,8,0.4514,20,-0.02017149290331872
0,cold,B,9,0.4927,18,-0.002340194323349149
0,cold,B,10,0.5346,16,-0.007184791757026687
0,cold,B,11,0.6243,16,-0.0029409651597234188
0,cold,B,12,0.6602,29,-0.002862273062858329
0,cold,B,13,0.7105,17,-0.006082696323146057
0,cold,B,14,0.7472,30,-0.003356093381929289
0,cold,B,15,0.7975,31,-0.0032100524624711986
0,cold,B,16,0.8484,36,-0.0037217871049506357
0,cold,B,17,0.949,19,-0.014305021923255959
0,warm,A,0,0.0,34,-1.522542651006541
0,warm,A,1,0.0106,22,-2.120797127538191
0,warm,A,2,0.0182,27,-1.9119942893955373
0,warm,A,3,0.0283,18,-0.029661043468270993
0,warm,A,4,0.0362,29,-1.0724091035582863
0,warm,A,5,0.0532,16,-2.194249701045919
0,warm,A,6,0.0599,15,-1.0640935227274895
0,warm,A,7,0.066,28,-1.5645354381995276
0,warm,A,8,0.0755,26,-1.9928096541463254
0,warm,A,9,0.0853,54,-0.40269008192902017
0,warm,A,10,0.1065,54,-2.137834131959136
0,warm,A,11,0.1237,63,-2.687230534799811
0,warm,A,12,0.1405,27,-3.028464389197459
0,warm,A,13,0.1504,36,-1.503851322351794
0,warm,A,14,0.1623,14,-3.3582076877355576
0,warm,A,15,0.1749,19,-1.5201686412390125
0,warm,A,16,0.1817,41,-2.2938013131752975
0,warm,A,17,0.2042,21,-2.8600667559852204
0,warm,A,18,0.2112,35,-1.8237058401307358
0,warm,A,19,0.2196,31,-2.3169913671069566
0,warm,A,20,0.2334,24,-3.181946459750179
0,warm,A,21,0.2408,19,-4.149161579479513
0,warm,A,22,0.2584,66,-2.5143917509517864
0,warm,A,23,0.2754,33,-3.7164208316667513
0,warm,A,24,0.286,48,-3.6235556953433843
0,warm,A,25,0.3019,18,-2.5343828515874014
0,warm,A,26,0.323,17,-0.5564553911475848
0,warm,A,27,0.3326,38,-2.1990681896369146
0,warm,A,28,0.3434,19,-2.546807971495008
0,warm,A,29,0.3507,30,-2.5233829416839098
0,warm,A,30,0.3583,24,-2.2585051129572093
0,warm,A,31,0.3668,13,-1.1813342628570704
0,warm,A,32,0.3731,31,-2.5965676606640278
0,warm,A,33,0.3965,15,-3.1168435245752333
0,warm,A,34,0.4033,16,-2.6169018609216437
0,warm,A,35,0.4088,24,-3.0049062390656522
0,warm,A,36,0.4165,13,-4.564470075214138
0,warm,A,37,0.4221,26,-3.2550182946680044
0,warm,A,38,0.4324,18,-2.152792123172225
0,warm,A,39,0.4529,18,-3.5728052447601737
0,warm,A,40,0.4607,26,-1.4924171147308347
0,warm,A,41,0.4673,20,-1.7108092453330754
0,warm,A,42,0.477,27,-2.112531700188777
0,warm,A,43,0.4927,23,-2.8698106565330503
0,warm,A,44,0.5017,18,-4.016006817213363
0,warm,A,45,0.5092,43,-2.6233662591426805
0,warm,A,46,0.5215,36,-3.1369431167840958
0,warm,A,47,0.5335,23,-2.609573474720768
0,warm,A,48,0.5601,30,-1.2339440862623936
0,warm,A,49,0.5686,15,-2.3663275950083817
0,warm,A,50,0.5758,43,-2.0843489083514255
0,warm,A,51,0.5889,26,-1.680722045152484
0,warm,A,52,0.5968,31,-1.5222393220783927
0,warm,A,53,0.6192,11,-4.552222610874609
0,warm,A,54,0.6269,40,-1.7040919670645962
0,warm,A,55,0.6437,53,-2.1972715932099405
0,warm,A,56,0.6571,21,-1.7726852114844536
0,warm,A,57,0.6644,15,-1.5309722270506123
0,warm,A,58,0.6801,16,-1.960034193471074
0,warm,A,59,0.6867,15,-2.1614730942683917
0,warm,A,60,0.6932,23,-2.165317906603298
0,warm,A,61,0.7029,23,-3.1191351611329163
0,warm,A,62,0.7113,18,-0.5457261175462109
0,warm,A,63,0.7182,20,-2.695058338274248
0,warm,A,64,0.7263,17,-2.6539584076689446
0,warm,A,65,0.7367,28,-0.22088553113449702
0,warm,A,66,0.7458,22,-1.2481787414459509
0,warm,A,67,0.7541,49,-1.7607773930805186
0,warm,A,68,0.7678,22,-1.9189438690188003
0,warm,A,69,0.7764,17,-1.6160131675355576
0,warm,A,70,0.7854,18,-2.077187912975205
0,warm,A,71,0.7938,43,-2.8782306730511684
0,warm,A,72,0.8141,22,-3.982864326945591
0,warm,A,73,0.8296,17,-3.431140383376795
0,warm,A,74,0.8376,33,-1.690007723735603
0,warm,A,75,0.8589,11,-1.5808645464818587
0,warm,A,76,0.8798,16,-2.404236186761409
0,warm,A,77,0.8924,25,-2.6176403371209744
0,warm,A,78,0.9024,36,-2.2787947379385716
0,warm,A,79,0.9142,31,-1.1415318507534986
0,warm,A,80,0.9298,25,-2.730111234639771
0,warm,A,81,0.9463,24,-2.14852231170759
0,warm,A,82,0.9581,20,-1.4037853227986488
0,warm,A,83,0.9645,20,-0.8285688761480742
0,warm,A,84,0.9712,13,-1.234442494236506
0,warm,A,85,0.9788,23,-1.8891475355232377
0,warm,A,86,0.9873,22,-1.5059326595880769
0,warm,B,0,0.0,31,-0.0028562895724110514
0,warm,B,1,0.0696,20,-0.008482226552496286
0,warm,B,2,0.1106,26,-0.013721832959093332
0,warm,B,3,0.1636,25,-0.017783538087969647
0,warm,B,4,0.2162,27,-0.05874616455050138
0,warm,B,5,0.2662,22,-0.010665919432292205
0,warm,B,6,0.3671,19,-0.009972801501709526
0,warm,B,7,0.4124,18,-0.008089628354153118
0,warm,B,8,0.4514,20,-0.028162821782461833
0,warm,B,9,0.4927,18,-0.002615959838294657
0,warm,B,10,0.5346,16,-0.022666530709102517
0,warm,B,11,0.6243,16,-0.0058400503075972665
0,warm,B,12,0.6602,29,-0.0024456100072711706
0,warm,B,13,0.7105,17,-0.00775983247320469
0,warm,B,14,0.7472,30,-0.0032919125632057938
0,warm,B,15,0.7975,31,-0.003265849809160441
0,warm,B,16,0.8484,36,-0.0040764999667367696
0,warm,B,17,0.949,19,-0.010052744826105865
0,mismatched,A,0,0.0,34,-1.5166077366893125
0,mismatched,A,1,0.0106,22,-2.150837303202769
0,mismatched,A,2,0.0182,27,-1.9576324024216134
0,mismatched,A,3,0.0283,18,-0.020476502058954793
0,mismatched,A,4,0.0362,29,-1.1012728440149784
0,mismatched,A,5,0.0532,16,-2.207694198761601
0,mismatched,A,6,0.0599,15,-1.0540590703487396
0,mismatched,A,7,0.066,28,-1.579117568159875
0,mismatched,A,8,0.0755,26,-1.983926960043251
0,mismatched,A,9,0.0853,54,-0.3987539906567387
0,mismatched,A,10,0.1065,54,-2.1369858884632036
0,mismatched,A,11,0.1237,63,-2.6775568326905606
0,mismatched,A,12,0.1405,27,-3.0069763141994676
0,mismatched,A,13,0.1504,36,-1.5090616797794307
0,mismatched,A,14,0.1623,14,-3.2586348929575513
0,mismatched,A,15,0.1749,19,-1.5341882254487198
0,mismatched,A,16,0.1817,41,-2.263035830678191
0,mismatched,A,17,0.2042,21,-2.816334556721683
0,mismatched,A,18,0.2112,35,-1.788777259424595
0,mismatched,A,19,0.2196,31,-2.2945529689426505
0,mismatched,A,20,0.2334,24,-3.1748710162355565
0,mismatched,A,21,0.2408,19,-4.1210807091311406
0,mismatched,A,22,0.2584,66,-2.512930940715843
0,mismatched,A,23,0.2754,33,-3.684192411728542
0,mismatched,A,24,0.286,48,-3.6608479399195253
0,mismatched,A,25,0.3019,18,-2.5770003530714245
0,mismatched,A,26,0.323,17,-0.5778913693862063
0,mismatched,A,27,0.3326,38,-2.1570061398961116
0,mismatched,A,28,0.3434,19,-2.54343824602639
0,mismatched,A,29,0.3507,30,-2.544738794498456
0,mismatched,A,30,0.3583,24,-2.251471323737254
0,mismatched,A,31,0.3668,13,-1.2085959523056562
0,mismatched,A,32,0.3731,31,-2.5913872592819613
0,mismatched,A,33,0.3965,15,-3.1052884151538214
0,mismatched,A,34,0.4033,16,-2.629255036939867
0,mismatched,A,35,0.4088,24,-3.045814945571086
0,mismatched,A,36,0.4165,13,-4.629183727280738
0,mismatched,A,37,0.4221,26,-3.2795021465460126
0,mismatched,A,38,0.4324,18,-2.120513079377512
0,mismatched,A,39,0.4529,18,-3.5552538830735205
0,mismatched,A,40,0.4607,26,-1.502976094177239
0,mismatched,A,41,0.4673,20,-1.779113562972634
0,mismatched,A,42,0.477,27,-2.08166212838626
0,mismatched,A,43,0.4927,23,-2.8958436208372205
0,mismatched,A,44,0.5017,18,-4.005297266153826
0,mismatched,A,45,0.5092,43,-2.65894260492276
0,mismatched,A,46,0.5215,36,-3.219030264765024
0,mismatched,A,47,0.5335,23,-2.667158560908359
0,mismatched,A,48,0.5601,30,-1.3036512013084576
0,mismatched,A,49,0.5686,15,-2.3430094685638325
0,mismatched,A,50,0.5758,43,-2.096672697735918
0,mismatched,A,51,0.5889,26,-1.7386936103978838
0,mismatched,A,52,0.5968,31,-1.5068598446339732
0,mismatched,A,53,0.6192,11,-4.641875848174095
0,mismatched,A,54,0.6269,40,-1.7040475253095793
0,mismatched,A,55,0.6437,53,-2.2130394721589597
0,mismatched,A,56,0.6571,21,-1.7888065904290193
0,mismatched,A,57,0.6644,15,-1.5198999267110291
0,mismatched,A,58,0.6801,16,-1.9060293096117675
0,mismatched,A,59,0.6867,15,-2.198535281419754
0,mismatched,A,60,0.6932,23,-2.17533374025041
0,mismatched,A,61,0.7029,23,-3.2173579163525416
0,mismatched,A,62,0.7113,18,-0.5378037848155751
0,mismatched,A,63,0.7182,20,-2.717583735892549
0,mismatched,A,64,0.7263,17,-2.608216544394107
0,mismatched,A,65,0.7367,28,-0.22353941500659857
0,mismatched,A,66,0.7458,22,-1.2510253161116536
0,mismatched,A,67,0.7541,49,-1.7682118754397675
0,mismatched,A,68,0.7678,22,-1.95631127316301
0,mismatched,A,69,0.7764,17,-1.6489854034255533
0,mismatched,A,70,0.7854,18,-2.067926034703204
0,mismatched,A,71,0.7938,43,-2.9351413593327
0,mismatched,A,72,0.8141,22,-4.051573963878169
0,mismatched,A,73,0.8296,17,-3.457590427030535
0,mismatched,A,74,0.8376,33,-1.7030608560819405
0,mismatched,A,75,0.8589,11,-1.5430768907747485
0,mismatched,A,76,0.8798,16,-2.492516345344484
0,mismatched,A,77,0.8924,25,-2.6118506100587546
0,mismatched,A,78,0.9024,36,-2.2758507463408426
0,mismatched,A,79,0.9142,31,-1.1669769981996185
0,mismatched,A,80,0.9298,25,-2.714840647871606
0,mismatched,A,81,0.9463,24,-2.2064398736492876
0,mismatched,A,82,0.9581,20,-1.4242215779842808
0,mismatched,A,83,0.9645,20,-0.8064101086450137
0,mismatched,A,84,0.9712,13,-1.2481280072377279
0,mismatched,A,85,0.9788,23,-1.928652528489297
0,mismatched,A,86,0.9873,22,-1.5684724420901726
0,mismatched,B,0,0.0,31,-0.003396710345998966
0,mismatched,B,1,0.0696,20,-0.00934405895859527
0,mismatched,B,2,0.1106,26,-0.020500931274280168
0,mismatched,B,3,0.1636,25,-0.028769708634354175
0,mismatched,B,4,0.2162,27,-0.08266768411677158
0,mismatched,B,5,0.2662,22,-0.01478376128877492
0,mismatched,B,6,0.3671,19,-0.013951567491810573
0,mismatched,B,7,0.4124,18,-0.010773871637259921
0,mismatched,B,8,0.4514,20,-0.030557115249393973
0,mismatched,B,9,0.4927,18,-0.003043345856591865
0,mismatched,B,10,0.5346,16,-0.028896925654407823
0,mismatched,B,11,0.6243,16,-0.00908289690323727
0,mismatched,B,12,0.6602,29,-0.005065983491508162
0,mismatched,B,13,0.7105,17,-0.010654702047331203
0,mismatched,B,14,0.7472,30,-0.00623308431180097
0,mismatched,B,15,0.7975,31,-0.004314587014490708
0,mismatched,B,16,0.8484,36,-0.005141273444072188
0,mismatched,B,17,0.949,19,-0.015275808565906789
1,cold,A,0,0.0,17,-3.8614411576623646
1,cold,A,1,0.0073,22,-3.0470072967423634
1,cold,A,2,0.0214,38,-0.6573514290080551
1,cold,A,3,0.0331,18,-2.2352510725613683
1,cold,A,4,0.0409,16,-2.3102022464736365
1,cold,A,5,0.0487,12,-2.206980342976749
1,cold,A,6,0.0543,25,-2.5890303897857665
1,cold,A,7,0.0618,23,-1.5602592749523667
1,cold,A,8,0.0739,24,-1.196619344701806
1,cold,A,9,0.0863,27,-1.8383475849749866
1,cold,A,10,0.101,30,-2.4988762438103245
1,cold,A,11,0.1173,23,-3.193074385109155
1,cold,A,12,0.1277,27,-2.7604847820657596
1,cold,A,13,0.1384,37,-2.7397983830874058
1,cold,A,14,0.1526,18,-2.6088622345899544
1,cold,A,15,0.1729,39,-3.136448480726148
1,cold,A,16,0.1846,15,-2.1885826687018075
1,cold,A,17,0.1917,16,-2.0882310288434383
1,cold,A,18,0.1988,15,-2.902422198653221
1,cold,A,19,0.2061,19,-2.2106746388323555
1,cold,A,20,0.2144,26,-3.1171945916962263
1,cold,A,21,0.2312,33,-2.63077698515333
1,cold,A,22,0.2457,22,-1.3875099492857275
1,cold,A,23,0.253,23,-0.8208814927587929
1,cold,A,24,0.2608,20,-1.8049291933944915
1,cold,A,25,0.2693,32,-2.719610297543113
1,cold,A,26,0.2812,26,-1.6018890573378974
1,cold,A,27,0.2898,44,-1.7498557305397382
1,cold,A,28,0.305,28,-2.4601621531286844
1,cold,A,29,0.3148,37,-1.2204729203941325
1,cold,A,30,0.3253,21,-2.0891589264363226
1,cold,A,31,0.3367,25,-2.374263751609251
1,cold,A,32,0.3519,20,-3.0002978451084346
1,cold,A,33,0.3638,11,-2.7854662612080574
1,cold,A,34,0.3698,17,-2.2580060358981
1,cold,A,35,0.3768,43,-1.015251970859407
1,cold,A,36,0.3898,18,-2.2811481464240284
1,cold,A,37,0.3963,23,-1.3430487759178504
1,cold,A,38,0.4088,33,-2.8782720669652475
1,cold,A,39,0.4328,31,-0.9147491117849225
1,cold,A,40,0.4422,42,-3.110785606142599
1,cold,A,41,0.4561,18,-4.852611649367544
1,cold,A,42,0.4766,13,-1.5298582157030558
1,cold,A,43,0.4816,46,-1.289244099144328
1,cold,A,44,0.501,79,-2.832837242057659
1,cold,A,45,0.5309,42,-1.7213602537910144
1,cold,A,46,0.5582,17,-2.7607775504755625
1,cold,A,47,0.5685,37,-0.9845743038089052
1,cold,A,48,0.5793,15,-1.8910558983683585
1,cold,A,49,0.5867,26,-0.2306026203877991
1,cold,A,50,0.6046,17,-2.13607572150581
1,cold,A,51,0.6132,16,-2.7423919698921964
1,cold,A,52,0.6228,65,-2.2144983923241783
1,cold,A,53,0.6433,27,-2.6673254351718008
1,cold,A,54,0.6566,16,-1.9239898911910132
1,cold,A,55,0.6633,24,-2.5655311154114315
1,cold,A,56,0.671,13,-2.499004597847278
1,cold,A,57,0.6769,91,-1.7628233927280634
1,cold,A,58,0.6989,15,-2.8025780002896985
1,cold,A,59,0.709,59,-2.569580092437672
1,cold,A,60,0.7245,26,-2.8461992492218715
1,cold,A,61,0.7345,58,-2.4658541498057307
1,cold,A,62,0.7528,21,-3.777731566202073
1,cold,A,63,0.7624,15,-2.751605946694811
1,cold,A,64,0.7757,21,-1.2854821995687893
1,cold,A,65,0.7937,24,-1.7442364000404875
1,cold,A,66,0.7989,30,-1.7745459163445048
1,cold,A,67,0.8136,17,-2.0742136603326156
1,cold,A,68,0.82,26,-3.441783081462535
1,cold,A,69,0.8328,34,-2.660694271390265
1,cold,A,70,0.8551,15,-1.9285215228796004
1,cold,A,71,0.8664,43,-1.9281036182787936
1,cold,A,72,0.8775,19,-2.520625629413285
1,cold,A,73,0.8895,17,-1.7385054341353037
1,cold,A,74,0.8962,37,-1.855987772748277
1,cold,A,75,0.9066,14,-1.8866752972327439
1,cold,A,76,0.9126,26,-0.5945532890289962
1,cold,A,77,0.9237,17,-2.1218589367892813
1,cold,A,78,0.9307,32,-1.4643781349950586
1,cold,A,79,0.9471,28,-2.00017011775656
1,cold,A,80,0.9596,22,-1.7651340859010816
1,cold,A,81,0.9684,34,-2.6483287158052384
1,cold,A,82,0.9808,12,-2.5735649429261684
1,cold,A,83,0.9866,22,-2.174146995689212
1,cold,B,0,0.0,43,-0.0003041756373276321
1,cold,B,1,0.0928,40,-0.002384485113361734
1,cold,B,2,0.1784,33,-0.004358643636971299
1,cold,B,3,0.2747,20,-0.010042506527861405
1,cold,B,4,0.3791,28,-0.005679516464551527
1,cold,B,5,0.433,27,-0.0011102363169575929
1,cold,B,6,0.4797,22,-0.005783015094493749
1,cold,B,7,0.5302,23,-0.0020387175199294174
1,cold,B,8,0.5879,13,-0.011133325258225132
1,cold,B,9,0.6271,19,-0.0013658916586313065
1,cold,B,10,0.7359,65,-0.03071199663770935
1,cold,B,11,0.8414,32,-0.002543319534879629
1,cold,B,12,0.9045,15,-0.0035711202343615394
1,warm,A,0,0.0,17,-3.9219625167110386
1,warm,A,1,0.0073,22,-3.0226199705026704
1,warm,A,2,0.0214,38,-0.6905712318842617
1,warm,A,3,0.0331,18,-2.2259540309508643
1,warm,A,4,0.0409,16,-2.2424755709362216
1,warm,A,5,0.0487,12,-2.091111917514354
1,warm,A,6,0.0543,25,-2.5141727355122567
1,warm,A,7,0.0618,23,-1.5294772421386924
1,warm,A,8,0.0739,24,-1.1910074798740122
1,warm,A,9,0.0863,27,-1.7867124329107658
1,warm,A,10,0.101,30,-2.5298482873506147
1,warm,A,11,0.1173,23,-3.2223498338590497
1,warm,A,12,0.1277,27,-2.715640617961509
1,warm,A,13,0.1384,37,-2.728454686775532
1,warm,A,14,0.1526,18,-2.642876939434144
1,warm,A,15,0.1729,39,-3.075475686325286
1,warm,A,16,0.1846,15,-2.1840451553463938
1,warm,A,17,0.1917,16,-2.0745414490811527
1,warm,A,18,0.1988,15,-2.9724130709966023
1,warm,A,19,0.2061,19,-2.1902523610685756
1,warm,A,20,0.2144,26,-3.1492958121413652
1,warm,A,21,0.2312,33,-2.579345266729819
1,warm,A,22,0.2457,22,-1.399849796400469
1,warm,A,23,0.253,23,-0.7969429861802046
1,warm,A,24,0.2608,20,-1.7757821654318833
1,warm,A,25,0.2693,32,-2.7289475893958297
1,warm,A,26,0.2812,26,-1.6416786600580404
1,warm,A,27,0.2898,44,-1.8114332305690781
1,warm,A,28,0.305,28,-2.4442717211121425
1,warm,A,29,0.3148,37,-1.2356418450576834
1,warm,A,30,0.3253,21,-2.0929072472111634
1,warm,A,31,0.3367,25,-2.2426955147017726
1,warm,A,32,0.3519,20,-2.965792619390413
1,warm,A,33,0.3638,11,-2.6919421790675684
1,warm,A,34,0.3698,17,-2.2778801404158857
1,warm,A,35,0.3768,43,-0.9791124774457658
1,warm,A,36,0.3898,18,-2.32063015198542
1,warm,A,37,0.3963,23,-1.3109370024378777
1,warm,A,38,0.4088,33,-2.8948888303006464
1,warm,A,39,0.4328,31,-0.9092589672542207
1,warm,A,40,0.4422,42,-3.1517139842998447
1,warm,A,41,0.4561,18,-4.841225980056657
1,warm,A,42,0.4766,13,-1.5788814918173908
1,warm,A,43,0.4816,46,-1.292141607674674
1,warm,A,44,0.501,79,-2.868002665739011
1,warm,A,45,0.5309,42,-1.7340926531635756
1,warm,A,46,0.5582,17,-2.7795197147437753
1,warm,A,47,0.5685,37,-0.9758913853835799
1,warm,A,48,0.5793,15,-1.9493698845307033
1,warm,A,49,0.5867,26,-0.20884500684265872
1,warm,A,50,0.6046,17,-2.0743766058893764
1,warm,A,51,0.6132,16,-2.7432412621565163
1,warm,A,52,0.6228,65,-2.1990802192738137
1,warm,A,53,0.6433,27,-2.681676850947379
1,warm,A,54,0.6566,16,-1.919252993131522
1,warm,A,55,0.6633,24,-2.5472470466653854
1,warm,A,56,0.671,13,-2.5231998356489034
1,warm,A,57,0.6769,91,-1.7896931812410213
1,warm,A,58,0.6989,15,-2.7784875205717983
1,warm,A,59,0.709,59,-2.5607253578797344
1,warm,A,60,0.7245,26,-2.805071952305018
1,warm,A,61,0.7345,58,-2.3879550632891235
1,warm,A,62,0.7528,21,-3.735479014260428
1,warm,A,63,0.7624,15,-2.645746786395709
1,warm,A,64,0.7757,21,-1.2928008383522476
1,warm,A,65,0.7937,24,-1.7609895349111564
1,warm,A,66,0.7989,30,-1.670452877485271
1,warm,A,67,0.8136,17,-2.040245032907264
1,warm,A,68,0.82,26,-3.485521966206411
1,warm,A,69,0.8328,34,-2.589233490295181
1,warm,A,70,0.8551,15,-1.9597778648138047
1,warm,A,71,0.8664,43,-1.9913679055996825
1,warm,A,72,0.8775,19,-2.4798333502962793
1,warm,A,73,0.8895,17,-1.7427064819151865
1,warm,A,74,0.8962,37,-1.7918261356488172
1,warm,A,75,0.9066,14,-1.7557740307446303
1,warm,A,76,0.9126,26,-0.6163873934246322
1,warm,A,77,0.9237,17,-2.052662826745826
1,warm,A,78,0.9307,32,-1.4301633727500302
1,warm,A,79,0.9471,28,-1.9941224720631519
1,warm,A,80,0.9596,22,-1.7339149989526381
1,warm,A,81,0.9684,34,-2.640303636644282
1,warm,A,82,0.9808,12,-2.5981228028734527
1,warm,A,83,0.9866,22,-2.1239130540475757
1,warm,B,0,0.0,43,-0.0029257232164486913
1,warm,B,1,0.0928,40,-0.004337415974237047
1,warm,B,2,0.1784,33,-0.005323079577162086
1,warm,B,3,0.2747,20,-0.02945312533447577
1,warm,B,4,0.3791,28,-0.008486165954244436
1,warm,B,5,0.433,27,-0.002160019519107192
1,warm,B,6,0.4797,22,-0.011329474102240056
1,warm,B,7,0.5302,23,-0.004252576064217188
1,warm,B,8,0.5879,13,-0.00978221750119701
1,warm,B,9,0.6271,19,-0.004835084659326209
1,warm,B,10,0.7359,65,-0.04502978641157299
1,warm,B,11,0.8414,32,-0.0029878005404953
1,warm,B,12,0.9045,15,-0.00817814451099063
1,mismatched,A,0,0.0,17,-3.882779226419242
1,mismatched,A,1,0.0073,22,-3.045044556514106
1,mismatched,A,2,0.0214,38,-0.6808067192999883
1,mismatched,A,3,0.0331,18,-2.2502934047693595
1,mismatched,A,4,0.0409,16,-2.2434666302870028
1,mismatched,A,5,0.0487,12,-2.120050510702034
1,mismatched,A,6,0.0543,25,-2.4775335955619813
1,mismatched,A,7,0.0618,23,-1.5465053727833868
1,mismatched,A,8,0.0739,24,-1.205545034504515
1,mismatched,A,9,0.0863,27,-1.7856767216009624
1,mismatched,A,10,0.101,30,-2.512914562227282
1,mismatched,A,11,0.1173,23,-3.190300794723241
1,mismatched,A,12,0.1277,27,-2.7121914567057197
1,mismatched,A,13,0.1384,37,-2.7061884005257477
1,mismatched,A,14,0.1526,18,-2.5725117842666805
1,mismatched,A,15,0.1729,39,-3.0820622066011985
1,mismatched,A,16,0.1846,15,-2.19232234954834
1,mismatched,A,17,0.1917,16,-2.051415625057416
1,mismatched,A,18,0.1988,15,-3.0027461379766462
1,mismatched,A,19,0.2061,19,-2.2041605326536993
1,mismatched,A,20,0.2144,26,-3.101265380265921
1,mismatched,A,21,0.2312,33,-2.5863724454785837
1,mismatched,A,22,0.2457,22,-1.404697939033874
1,mismatched,A,23,0.253,23,-0.7776219239242437
1,mismatched,A,24,0.2608,20,-1.8366961539082696
1,mismatched,A,25,0.2693,32,-2.683674497598986
1,mismatched,A,26,0.2812,26,-1.643077567340627
1,mismatched,A,27,0.2898,44,-1.811001723452302
1,mismatched,A,28,0.305,28,-2.4418359947802464
1,mismatched,A,29,0.3148,37,-1.2367996117766509
1,mismatched,A,30,0.3253,21,-2.1367693452311434
1,mismatched,A,31,0.3367,25,-2.27859331048734
1,mismatched,A,32,0.3519,20,-3.001817918661982
1,mismatched,A,33,0.3638,11,-2.694841756062074
1,mismatched,A,34,0.3698,17,-2.2570222003988043
1,mismatched,A,35,0.3768,43,-0.9958549357451438
1,mismatched,A,36,0.3898,18,-2.298897953497039
1,mismatched,A,37,0.3963,23,-1.2980131334422722
1,mismatched,A,38,0.4088,33,-2.8847227843732317
1,mismatched,A,39,0.4328,31,-0.8984906061406007
1,mismatched,A,40,0.4422,42,-3.152536611991222
1,mismatched,A,41,0.4561,18,-4.776987055937449
1,mismatched,A,42,0.4766,13,-1.5603680362378678
1,mismatched,A,43,0.4816,46,-1.291887071627096
1,mismatched,A,44,0.501,79,-2.89408489154973
1,mismatched,A,45,0.5309,42,-1.6983995271702519
1,mismatched,A,46,0.5582,17,-2.8224363287582115
1,mismatched,A,47,0.5685,37,-0.947497680747482
1,mismatched,A,48,0.5793,15,-1.9517930626869202
1,mismatched,A,49,0.5867,26,-0.21025495005708833
1,mismatched,A,50,0.6046,17,-2.106069260002936
1,mismatched,A,51,0.6132,16,-2.839408462983556
1,mismatched,A,52,0.6228,65,-2.2040845045139297
1,mismatched,A,53,0.6433,27,-2.6862383338070854
1,mismatched,A,54,0.6566,16,-1.9177180074038915
1,mismatched,A,55,0.6633,24,-2.5547094310750253
1,mismatched,A,56,0.671,13,-2.5181384843129377
1,mismatched,A,57,0.6769,91,-1.8077531937054587
1,mismatched,A,58,0.6989,15,-2.81442749267444
1,mismatched,A,59,0.709,59,-2.567152670618409
1,mismatched,A,60,0.7245,26,-2.8102589099345585
1,mismatched,A,61,0.7345,58,-2.385490049358913
1,mismatched,A,62,0.7528,21,-3.669694041921979
1,mismatched,A,63,0.7624,15,-2.6454106088727714
1,mismatched,A,64,0.7757,21,-1.2692610175055008
1,mismatched,A,65,0.7937,24,-1.7730468607721075
1,mismatched,A,66,0.7989,30,-1.7122225133876783
1,mismatched,A,67,0.8136,17,-2.087785972002594
1,mismatched,A,68,0.82,26,-3.4457266713098553
1,mismatched,A,69,0.8328,34,-2.606274543419953
1,mismatched,A,70,0.8551,15,-1.991111359000206
1,mismatched,A,71,0.8664,43,-1.9824341936615637
1,mismatched,A,72,0.8775,19,-2.5459831395480585
1,mismatched,A,73,0.8895,17,-1.7366925965556328
1,mismatched,A,74,0.8962,37,-1.8524956075550132
1,mismatched,A,75,0.9066,14,-1.845917688217014
1,mismatched,A,76,0.9126,26,-0.6242463021797519
1,mismatched,A,77,0.9237,17,-2.112494144917411
1,mismatched,A,78,0.9307,32,-1.4614906533952308
1,mismatched,A,79,0.9471,28,-1.9738653329571076
1,mismatched,A,80,0.9596,22,-1.7262122453275053
1,mismatched,A,81,0.9684,34,-2.648911173787543
1,mismatched,A,82,0.9808,12,-2.6477629461636147
1,mismatched,A,83,0.9866,22,-2.0892567169979555
1,mismatched,B,0,0.0,43,-0.0014093442458795115
1,mismatched,B,1,0.0928,40,-0.0027845247475625
1,mismatched,B,2,0.1784,33,-0.003150792678201414
1,mismatched,B,3,0.2747,20,-0.02601010796806804
1,mismatched,B,4,0.3791,28,-0.004990804146798057
1,mismatched,B,5,0.433,27,-0.0015025408976254294
1,mismatched,B,6,0.4797,22,-0.0073062498955881565
1,mismatched,B,7,0.5302,23,-0.002975714349620672
1,mismatched,B,8,0.5879,13,-0.007018350319972692
1,mismatched,B,9,0.6271,19,-0.002620783991580155
1,mismatched,B,10,0.7359,65,-0.038299224957388626
1,mismatched,B,11,0.8414,32,-0.0019273133825805644
1,mismatched,B,12,0.9045,15,-0.005453838392471274
2,cold,A,0,0.0,25,-2.197842931795167
2,cold,A,1,0.0136,22,-2.403821107412858
2,cold,A,2,0.0225,39,-2.8806997809368067
2,cold,A,3,0.0568,19,-3.4974615291545263
2,cold,A,4,0.0744,21,-0.8305194186589991
2,cold,A,5,0.0831,22,-2.284394547412045
2,cold,A,6,0.0981,13,-2.6236821504739614
2,cold,A,7,0.104,61,-2.6317682233992126
2,cold,A,8,0.1213,14,-2.71346904618466
2,cold,A,9,0.1276,22,-1.4305676809850743
2,cold,A,10,0.1391,11,-0.9279627893543378
2,cold,A,11,0.1445,17,-1.753731643408708
2,cold,A,12,0.1506,25,-2.089608016461134
2,cold,A,13,0.1579,23,-1.5301031416754045
2,cold,A,14,0.1648,17,-0.8257417763693143
2,cold,A,15,0.1703,51,-2.60946832752362
2,cold,A,16,0.1869,33,-2.930865262959604
2,cold,A,17,0.198,31,-2.3025768191906653
2,cold,A,18,0.2098,18,-2.201029179436672
2,cold,A,19,0.2166,26,-2.8965542561446247
2,cold,A,20,0.2267,44,-2.766320003694008
2,cold,A,21,0.24,36,-1.7427494955675986
2,cold,A,22,0.2486,32,-1.701766267191033
2,cold,A,23,0.2575,32,-1.286884484611619
2,cold,A,24,0.2636,29,-2.128906663814319
2,cold,A,25,0.2957,56,-1.9161332798123891
2,cold,A,26,0.311,25,-0.6892787090531055
2,cold,A,27,0.318,59,-2.652520188742112
2,cold,A,28,0.3356,26,-2.077293544148023
2,cold,A,29,0.3449,23,-4.313369154282238
2,cold,A,30,0.3695,23,-2.0121004226761134
2,cold,A,31,0.378,29,-1.172614628617684
2,cold,A,32,0.3922,16,-1.023728847736237
2,cold,A,33,0.4017,12,-2.4820934037852567
2,cold,A,34,0.407,27,-1.864165236729335
2,cold,A,35,0.4144,22,-2.3051954563707113
2,cold,A,36,0.4348,19,-3.8896015868522227
2,cold,A,37,0.4411,27,-3.536776801640237
2,cold,A,38,0.4486,40,-1.8950563331774901
2,cold,A,39,0.464,68,-2.0735692297397796
2,cold,A,40,0.4844,19,-2.7878511657840326
2,cold,A,41,0.4945,13,-3.4661088505616555
2,cold,A,42,0.5052,20,-2.248062274698168
2,cold,A,43,0.5134,11,-2.445607748898593
2,cold,A,44,0.5193,14,-1.435087235977075
2,cold,A,45,0.5256,16,-1.830131733964663
2,cold,A,46,0.5412,27,-1.9039881952037965
2,cold,A,47,0.5516,16,-2.129713634494692
2,cold,A,48,0.5577,16,-2.8320398696232587
2,cold,A,49,0.5639,19,-2.747727058452591
2,cold,A,50,0.5801,39,-1.981564642161501
2,cold,A,51,0.5911,56,-1.860820773418839
2,cold,A,52,0.6051,11,-0.8833029185083102
2,cold,A,53,0.6101,27,-1.245287995957942
2,cold,A,54,0.617,23,-3.066587657031841
2,cold,A,55,0.629,12,-1.9168315598120291
2,cold,A,56,0.6346,28,-2.7334114303313464
2,cold,A,57,0.6421,53,-2.552049106358164
2,cold,A,58,0.6696,15,-2.1549421081940334
2,cold,A,59,0.6793,17,-2.773162714630256
2,cold,A,60,0.6855,36,-1.962940197017613
2,cold,A,61,0.6951,16,-2.246462034794604
2,cold,A,62,0.7013,16,-1.504473926266428
2,cold,A,63,0.72,22,-0.3955945368502812
2,cold,A,64,0.7285,21,-1.3324479306355075
2,cold,A,65,0.7396,14,-1.0863873919941918
2,cold,A,66,0.7512,16,-2.0240140248351963
2,cold,A,67,0.7644,24,-1.465717736849797
2,cold,A,68,0.7727,26,-2.0625963824657867
2,cold,A,69,0.7816,33,-2.501576551804178
2,cold,A,70,0.7938,20,-0.1297572225214026
2,cold,A,71,0.8011,12,-3.3267545384393693
2,cold,A,72,0.8138,41,-2.1210908704445877
2,cold,A,73,0.8256,42,-1.6809723067341285
2,cold,A,74,0.8372,35,-1.913821343851409
2,cold,A,75,0.8616,25,-3.973610077947378
2,cold,A,76,0.8685,20,-1.926035563647747
2,cold,A,77,0.8852,23,-1.7938909981223887
2,cold,A,78,0.9022,38,-1.5480865547946643
2,cold,A,79,0.9112,35,-2.2178370456427468
2,cold,A,80,0.9228,22,-3.1463166917250915
2,cold,A,81,0.9325,25,-2.304534738063812
2,cold,A,82,0.942,33,-2.831676053504149
2,cold,A,83,0.9526,36,-2.4362749088840143
2,cold,A,84,0.9626,52,-2.880000127430601
2,cold,A,85,0.9762,31,-3.0360797703460483
2,cold,A,86,0.9845,37,-2.6902351168340632
2,cold,A,87,0.9942,20,-2.9685850855988973
2,cold,B,0,0.0,18,-0.008628540526034258
2,cold,B,1,0.0479,33,-0.01791674271270026
2,cold,B,2,0.1304,20,-0.003320798587810714
2,cold,B,3,0.2457,100,-0.0030306716610220973
2,cold,B,4,0.3888,40,-0.0052148946162105855
2,cold,B,5,0.4652,31,-0.0041128234335056114
2,cold,B,6,0.5403,26,-0.0038746621723056217
2,cold,B,7,0.5879,20,-0.005406276038957003
2,cold,B,8,0.6518,33,-0.007199865950579723
2,cold,B,9,0.7812,20,-0.005453942268650281
2,cold,B,10,0.8278,51,-0.005675365063236277
2,cold,B,11,0.9163,25,-0.003510287369226717
2,warm,A,0,0.0,25,-2.3688070189021526
2,warm,A,1,0.0136,22,-2.688408082266423
2,warm,A,2,0.0225,39,-2.9534011801274924
2,warm,A,3,0.0568,19,-3.667941356960096
2,warm,A,4,0.0744,21,-0.8678080678884206
2,warm,A,5,0.0831,22,-2.5002121111187576
2,warm,A,6,0.0981,13,-2.774815028390059
2,warm,A,7,0.104,61,-2.905937166708964
2,warm,A,8,0.1213,14,-2.7369272215291858
2,warm,A,9,0.1276,22,-1.3889512720263817
2,warm,A,10,0.1391,11,-1.0964408183724366
2,warm,A,11,0.1445,17,-2.1702992349447037
2,warm,A,12,0.1506,25,-2.266214338541031
2,warm,A,13,0.1579,23,-1.7142038523907894
2,warm,A,14,0.1648,17,-0.9494523413698462
2,warm,A,15,0.1703,51,-2.684838037006557
2,warm,A,16,0.1869,33,-3.002429536120458
2,warm,A,17,0.198,31,-2.331604067923411
2,warm,A,18,0.2098,18,-2.269496614837812
2,warm,A,19,0.2166,26,-3.1845107625525158
2,warm,A,20,0.2267,44,-3.0808942338626366
2,warm,A,21,0.24,36,-2.014546346747213
2,warm,A,22,0.2486,32,-1.9457446003252699
2,warm,A,23,0.2575,32,-1.723900030279765
2,warm,A,24,0.2636,29,-2.352626724269016
2,warm,A,25,0.2957,56,-1.9505067172410366
2,warm,A,26,0.311,25,-0.7492230047285556
2,warm,A,27,0.318,59,-2.999253685578262
2,warm,A,28,0.3356,26,-2.195002671617728
2,warm,A,29,0.3449,23,-4.3390712553392285
2,warm,A,30,0.3695,23,-2.3732814204160366
2,warm,A,31,0.378,29,-1.309536344475105
2,warm,A,32,0.3922,16,-1.1447150188378146
2,warm,A,33,0.4017,12,-2.3340260188560933
2,warm,A,34,0.407,27,-1.8140039680767115
2,warm,A,35,0.4144,22,-2.376996748318726
2,warm,A,36,0.4348,19,-4.054912642600309
2,warm,A,37,0.4411,27,-3.5759235518398107
2,warm,A,38,0.4486,40,-2.0189971973188223
2,warm,A,39,0.464,68,-2.3405489130082593
2,warm,A,40,0.4844,19,-3.263491131757435
2,warm,A,41,0.4945,13,-3.5200966069331536
2,warm,A,42,0.5052,20,-2.309793087374419
2,warm,A,43,0.5134,11,-2.322225322946906
2,warm,A,44,0.5193,14,-1.1204938716920358
2,warm,A,45,0.5256,16,-1.819023022086185
2,warm,A,46,0.5412,27,-2.1703986055045217
2,warm,A,47,0.5516,16,-2.4532758044078946
2,warm,A,48,0.5577,16,-3.240705563686788
2,warm,A,49,0.5639,19,-3.2161155799893955
2,warm,A,50,0.5801,39,-2.174353419397122
2,warm,A,51,0.5911,56,-2.0521635243868723
2,warm,A,52,0.6051,11,-1.0907880449138412
2,warm,A,53,0.6101,27,-1.6550060030314382
2,warm,A,54,0.617,23,-2.9591191954323617
2,warm,A,55,0.629,12,-1.8005252929093938
2,warm,A,56,0.6346,28,-2.6830554636835586
2,warm,A,57,0.6421,53,-2.545542644099596
2,warm,A,58,0.6696,15,-2.310396671295166
2,warm,A,59,0.6793,17,-3.042756388641839
2,warm,A,60,0.6855,36,-2.118952743993658
2,warm,A,61,0.6951,16,-2.2940704614975402
2,warm,A,62,0.7013,16,-1.4990793464457965
2,warm,A,63,0.72,22,-0.552078321703117
2,warm,A,64,0.7285,21,-1.8775126218790232
2,warm,A,65,0.7396,14,-1.2779269477219455
2,warm,A,66,0.7512,16,-2.1587795031664427
2,warm,A,67,0.7644,24,-1.6338881682119488
2,warm,A,68,0.7727,26,-2.0536463261725237
2,warm,A,69,0.7816,33,-2.547129793002651
2,warm,A,70,0.7938,20,-0.12864109388683573
2,warm,A,71,0.8011,12,-3.4328993851474174
2,warm,A,72,0.8138,41,-2.2418599119239553
2,warm,A,73,0.8256,42,-1.932674402238003
2,warm,A,74,0.8372,35,-2.1354992068572236
2,warm,A,75,0.8616,25,-3.7700067195296287
2,warm,A,76,0.8685,20,-2.2486018158495424
2,warm,A,77,0.8852,23,-2.098824937111678
2,warm,A,78,0.9022,38,-1.8054105083115006
2,warm,A,79,0.9112,35,-2.2964614951500804
2,warm,A,80,0.9228,22,-3.6681449575857683
2,warm,A,81,0.9325,25,-2.628151529431343
2,warm,A,82,0.942,33,-2.8054246617989107
2,warm,A,83,0.9526,36,-2.5445669856271707
2,warm,A,84,0.9626,52,-3.1774787466901424
2,warm,A,85,0.9762,31,-3.150033681921946
2,warm,A,86,0.9845,37,-2.7861888770146193
2,warm,A,87,0.9942,20,-3.1355931021564176
2,warm,B,0,0.0,18,-0.004235420733796976
2,warm,B,1,0.0479,33,-0.023813218821032933
2,warm,B,2,0.1304,20,-0.0018763788448268315
2,warm,B,3,0.2457,100,-0.009366113865917213
2,warm,B,4,0.3888,40,-0.0027763631975176394
2,warm,B,5,0.4652,31,-0.0023719951389745302
2,warm,B,6,0.5403,26,-0.011826950511022005
2,warm,B,7,0.5879,20,-0.005900227601887309
2,warm,B,8,0.6518,33,-0.007024748463498492
2,warm,B,9,0.7812,20,-0.003967445909802336
2,warm,B,10,0.8278,51,-0.005304007426114849
2,warm,B,11,0.9163,25,-0.004253061262170376
2,mismatched,A,0,0.0,25,-2.348127679056488
2,mismatched,A,1,0.0136,22,-2.714858408339999
2,mismatched,A,2,0.0225,39,-2.989501622051765
2,mismatched,A,3,0.0568,19,-3.7551049841077706
2,mismatched,A,4,0.0744,21,-0.8538222505345142
2,mismatched,A,5,0.0831,22,-2.5533089748456734
2,mismatched,A,6,0.0981,13,-2.854516742894283
2,mismatched,A,7,0.104,61,-2.909696548871818
2,mismatched,A,8,0.1213,14,-2.925904708249228
2,mismatched,A,9,0.1276,22,-1.3577955296601762
2,mismatched,A,10,0.1391,11,-1.112876218277961
2,mismatched,A,11,0.1445,17,-1.9454256078632384
2,mismatched,A,12,0.1506,25,-2.196757209300995
2,mismatched,A,13,0.1579,23,-1.7309581559333627
2,mismatched,A,14,0.1648,17,-1.0282578646369718
2,mismatched,A,15,0.1703,51,-2.6824874976129434
2,mismatched,A,16,0.1869,33,-3.0208093653235473
2,mismatched,A,17,0.198,31,-2.341527700056172
2,mismatched,A,18,0.2098,18,-2.279197741455088
2,mismatched,A,19,0.2166,26,-3.078283458375014
2,mismatched,A,20,0.2267,44,-3.0683950005861167
2,mismatched,A,21,0.24,36,-2.0129602922695793
2,mismatched,A,22,0.2486,32,-1.9893698315045185
2,mismatched,A,23,0.2575,32,-1.7094129177858122
2,mismatched,A,24,0.2636,29,-2.3811052999407023
2,mismatched,A,25,0.2957,56,-1.9546757493351055
2,mismatched,A,26,0.311,25,-0.7559060281229903
2,mismatched,A,27,0.318,59,-2.960456418658812
2,mismatched,A,28,0.3356,26,-2.1724308921167483
2,mismatched,A,29,0.3449,23,-4.3636905695109265
2,mismatched,A,30,0.3695,23,-2.426455331277912
2,mismatched,A,31,0.378,29,-1.3272030972403972
2,mismatched,A,32,0.3922,16,-1.200743295954453
2,mismatched,A,33,0.4017,12,-2.3227818160473057
2,mismatched,A,34,0.407,27,-1.834005521481029
2,mismatched,A,35,0.4144,22,-2.314660890281878
2,mismatched,A,36,0.4348,19,-4.021069746219406
2,mismatched,A,37,0.4411,27,-3.5961957874673383
2,mismatched,A,38,0.4486,40,-2.072555336658843
2,mismatched,A,39,0.464,68,-2.247010069707518
2,mismatched,A,40,0.4844,19,-3.196689712373834
2,mismatched,A,41,0.4945,13,-3.500916350346345
2,mismatched,A,42,0.5052,20,-2.380668881582096
2,mismatched,A,43,0.5134,11,-2.363791546657343
2,mismatched,A,44,0.5193,14,-1.1072658076882362
2,mismatched,A,45,0.5256,16,-1.8674958209157921
2,mismatched,A,46,0.5412,27,-2.125245811348712
2,mismatched,A,47,0.5516,16,-2.420687349047512
2,mismatched,A,48,0.5577,16,-3.0436951499432325
2,mismatched,A,49,0.5639,19,-3.232910435009552
2,mismatched,A,50,0.5801,39,-2.1596952026757674
2,mismatched,A,51,0.5911,56,-2.1421222024114934
2,mismatched,A,52,0.6051,11,-1.0786960130948997
2,mismatched,A,53,0.6101,27,-1.6460266303426276
2,mismatched,A,54,0.617,23,-3.0063571887718434
2,mismatched,A,55,0.629,12,-1.8139627866136532
2,mismatched,A,56,0.6346,28,-2.6833744278327294
2,mismatched,A,57,0.6421,53,-2.5470354800938435
2,mismatched,A,58,0.6696,15,-2.422127163410187
2,mismatched,A,59,0.6793,17,-3.046883178059943
2,mismatched,A,60,0.6855,36,-2.13156940922555
2,mismatched,A,61,0.6951,16,-2.326793068988991
2,mismatched,A,62,0.7013,16,-1.5208570341674204
2,mismatched,A,63,0.72,22,-0.5347841261669104
2,mismatched,A,64,0.7285,21,-1.8622246953614412
2,mismatched,A,65,0.7396,14,-1.3093312805202524
2,mismatched,A,66,0.7512,16,-2.112712303591252
2,mismatched,A,67,0.7644,24,-1.6536678174937454
2,mismatched,A,68,0.7727,26,-2.1224812644247253
2,mismatched,A,69,0.7816,33,-2.6804779417862212
2,mismatched,A,70,0.7938,20,-0.11135209266503807
2,mismatched,A,71,0.8011,12,-3.476045682094991
2,mismatched,A,72,0.8138,41,-2.219137651851492
2,mismatched,A,73,0.8256,42,-1.9572072704100894
2,mismatched,A,74,0.8372,35,-2.2371791262246137
2,mismatched,A,75,0.8616,25,-3.951358008235693
2,mismatched,A,76,0.8685,20,-2.287218002229929
2,mismatched,A,77,0.8852,23,-2.061175898562752
2,mismatched,A,78,0.9022,38,-1.801092701470081
2,mismatched,A,79,0.9112,35,-2.406760627543554
2,mismatched,A,80,0.9228,22,-3.708713621578433
2,mismatched,A,81,0.9325,25,-2.665788164138794
2,mismatched,A,82,0.942,33,-3.0752072221401967
2,mismatched,A,83,0.9526,36,-2.591884295029255
2,mismatched,A,84,0.9626,52,-3.194901199536756
2,mismatched,A,85,0.9762,31,-3.248806573722827
2,mismatched,A,86,0.9845,37,-2.8069715834792226
2,mismatched,A,87,0.9942,20,-3.272684498433955
2,mismatched,B,0,0.0,18,-0.004965383924071729
2,mismatched,B,1,0.0479,33,-0.02602071247733737
2,mismatched,B,2,0.1304,20,-0.002270868414780125
2,mismatched,B,3,0.2457,100,-0.00644241723065079
2,mismatched,B,4,0.3888,40,-0.0031849524878907686
2,mismatched,B,5,0.4652,31,-0.0017354819200271954
2,mismatched,B,6,0.5403,26,-0.014990316981241519
2,mismatched,B,7,0.5879,20,-0.008063111345109064
2,mismatched,B,8,0.6518,33,-0.006769147792276657
2,mismatched,B,9,0.7812,20,-0.003543193058067118
2,mismatched,B,10,0.8278,51,-0.005443065730497776
2,mismatched,B,11,0.9163,25,-0.0021775741677629414
3,cold,A,0,0.0,18,-0.06175892913597636
3,cold,A,1,0.008,32,-0.6718502671947135
3,cold,A,2,0.0239,38,-3.543976689370251
3,cold,A,3,0.0445,30,-3.8622528299689294
3,cold,A,4,0.055,17,-1.5287679923040902
3,cold,A,5,0.061,13,-2.3718543488245745
3,cold,A,6,0.0679,27,-2.2901150106659367
3,cold,A,7,0.0788,28,-3.4417580422014
3,cold,A,8,0.0908,27,-3.480850646548249
3,cold,A,9,0.1026,32,-3.264933053724235
3,cold,A,10,0.1147,50,-2.0934440211526817
3,cold,A,11,0.129,21,-2.359274633406174
3,cold,A,12,0.137,23,-2.1477380608329955
3,cold,A,13,0.1488,33,-2.8810551385589256
3,cold,A,14,0.1595,19,-2.881716444359259
3,cold,A,15,0.1663,21,-2.9676795666593883
3,cold,A,16,0.1777,12,-3.519319956501325
3,cold,A,17,0.2192,38,-2.3621001430070274
3,cold,A,18,0.2294,45,-2.51500096501291
3,cold,A,19,0.2418,14,-2.0491523084097674
3,cold,A,20,0.2488,23,-3.5373492947091227
3,cold,A,21,0.2616,47,-1.5896082960985332
3,cold,A,22,0.2747,21,-2.9291089003284774
3,cold,A,23,0.2841,38,-2.3428037399426103
3,cold,A,24,0.2989,65,-2.097787812581429
3,cold,A,25,0.3194,47,-3.497658199174924
3,cold,A,26,0.346,26,-1.3339887290404966
3,cold,A,27,0.3541,16,-1.292419807316037
3,cold,A,28,0.3883,16,-2.8824371831142344
3,cold,A,29,0.3969,18,-1.2417567215032048
3,cold,A,30,0.411,25,-1.92303856898332
3,cold,A,31,0.4199,49,-2.0059677684861974
3,cold,A,32,0.4386,27,-0.2032156134457047
3,cold,A,33,0.4558,28,-1.2429966475839527
3,cold,A,34,0.4651,39,-2.0241113824214643
3,cold,A,35,0.4762,31,-2.185190542751262
3,cold,A,36,0.4864,58,-1.9421375527484182
3,cold,A,37,0.5075,84,-2.579069938663538
3,cold,A,38,0.5334,67,-2.776316511625452
3,cold,A,39,0.5546,42,-2.979075613440641
3,cold,A,40,0.568,52,-3.3353916357916136
3,cold,A,41,0.5851,91,-2.207023800930244
3,cold,A,42,0.6116,14,-2.9648491463490894
3,cold,A,43,0.6175,20,-1.544766574294772
3,cold,A,44,0.6231,33,-1.6383340099868788
3,cold,A,45,0.6369,22,-2.3774134286213666
3,cold,A,46,0.6444,23,-2.085935813577279
3,cold,A,47,0.6524,20,-3.054754681322083
3,cold,A,48,0.6594,39,-1.7045371883447307
3,cold,A,49,0.6717,24,-2.3188175723092477
3,cold,A,50,0.6785,51,-1.905515509270652
3,cold,A,51,0.6963,20,-2.0852057814394356
3,cold,A,52,0.7033,14,-2.527797544641154
3,cold,A,53,0.7086,25,-3.0332255163695665
3,cold,A,54,0.7182,19,-3.2454969075739712
3,cold,A,55,0.7258,31,-2.2576843993888507
3,cold,A,56,0.7359,20,-2.348554417619016
3,cold,A,57,0.748,34,-2.7763056728769753
3,cold,A,58,0.7558,35,-2.954440629432377
3,cold,A,59,0.7714,73,-2.7495732438584715
3,cold,A,60,0.7899,31,-2.934365090669974
3,cold,A,61,0.7997,18,-0.4461638573039737
3,cold,A,62,0.8055,22,-1.5182718560680024
3,cold,A,63,0.8147,22,-2.9087780251760376
3,cold,A,64,0.8231,15,-2.7334251433610914
3,cold,A,65,0.8301,33,-2.056136800709999
3,cold,A,66,0.8558,13,-2.385797230096964
3,cold,A,67,0.8611,28,-0.8513671092982155
3,cold,A,68,0.8691,19,-1.5582097679695213
3,cold,A,69,0.8768,30,-1.6369037677145875
3,cold,A,70,0.8907,39,-2.8466357484053915
3,cold,A,71,0.9043,16,-2.409153932327172
3,cold,A,72,0.9101,29,-2.1719508876317533
3,cold,A,73,0.9181,17,-3.6093344311503803
3,cold,A,74,0.9239,30,-1.9036907939123922
3,cold,A,75,0.932,31,-2.7229696305509985
3,cold,A,76,0.9401,36,-1.7863927645650821
3,cold,A,77,0.9499,25,-0.6683373899705475
3,cold,A,78,0.9571,15,-0.4924355814876132
3,cold,A,79,0.9789,33,-1.8944192646048386
3,cold,A,80,0.9912,21,-2.456418652486588
3,cold,B,0,0.0,14,-0.0011080155548240458
3,cold,B,1,0.0757,14,-0.008470627824343475
3,cold,B,2,0.1158,40,-0.007195029964350397
3,cold,B,3,0.1974,27,-0.016405981435565518
3,cold,B,4,0.2487,24,-0.005881186385825761
3,cold,B,5,0.3069,18,-0.005338082157929118
3,cold,B,6,0.3701,26,-0.0051772256389225595
3,cold,B,7,0.428,19,-0.010491746700656796
3,cold,B,8,0.4799,47,-0.005067622342779786
3,cold,B,9,0.5378,25,-0.002619874370848265
3,cold,B,10,0.625,46,-0.0039016524198181605
3,cold,B,11,0.7293,54,-0.001172751690841391
3,cold,B,12,0.8359,63,-0.0015683569072135715
3,cold,B,13,0.9395,27,-0.01058706870198707
3,warm,A,0,0.0,18,-0.05998384429161282
3,warm,A,1,0.008,32,-0.610826666506
3,warm,A,2,0.0239,38,-3.515452606137842
3,warm,A,3,0.0445,30,-3.8297917008710405
3,warm,A,4,0.055,17,-1.513715492338045
3,warm,A,5,0.061,13,-2.4117567264116726
3,warm,A,6,0.0679,27,-2.2660515102454357
3,warm,A,7,0.0788,28,-3.452642909750076
3,warm,A,8,0.0908,27,-3.389669831842184
3,warm,A,9,0.1026,32,-3.2215393830556422
3,warm,A,10,0.1147,50,-2.092211618505098
3,warm,A,11,0.129,21,-2.400564532904398
3,warm,A,12,0.137,23,-2.1193344625441926
3,warm,A,13,0.1488,33,-2.9073425282708327
3,warm,A,14,0.1595,19,-2.8184303289300785
3,warm,A,15,0.1663,21,-2.9761611633446243
3,warm,A,16,0.1777,12,-3.452708400785923
3,warm,A,17,0.2192,38,-2.2680385429626577
3,warm,A,18,0.2294,45,-2.481323108432763
3,warm,A,19,0.2418,14,-1.9336575421371631
3,warm,A,20,0.2488,23,-3.4475422702405765
3,warm,A,21,0.2616,47,-1.6100220333667474
3,warm,A,22,0.2747,21,-2.8679206472422396
3,warm,A,23,0.2841,38,-2.3545706132917026
3,warm,A,24,0.2989,65,-2.0658771278838124
3,warm,A,25,0.3194,47,-3.5057742932533964
3,warm,A,26,0.346,26,-1.29669905683169
3,warm,A,27,0.3541,16,-1.2555757212103345
3,warm,A,28,0.3883,16,-2.9290068371919915
3,warm,A,29,0.3969,18,-1.1769052015410528
3,warm,A,30,0.411,25,-1.8814737551228609
3,warm,A,31,0.4199,49,-1.9709874965116556
3,warm,A,32,0.4386,27,-0.1772104353973797
3,warm,A,33,0.4558,28,-1.298601775548637
3,warm,A,34,0.4651,39,-2.049614202503551
3,warm,A,35,0.4762,31,-2.0999296441253636
3,warm,A,36,0.4864,58,-1.932391187583562
3,warm,A,37,0.5075,84,-2.5325413606650335
3,warm,A,38,0.5334,67,-2.7640375411311693
3,warm,A,39,0.5546,42,-2.863427925450586
3,warm,A,40,0.568,52,-3.2370149622169824
3,warm,A,41,0.5851,91,-2.1560460692386725
3,warm,A,42,0.6116,14,-2.9765155459088937
3,warm,A,43,0.6175,20,-1.5443571007926948
3,warm,A,44,0.6231,33,-1.524823899523736
3,warm,A,45,0.6369,22,-2.281292989892377
3,warm,A,46,0.6444,23,-2.0463770812620288
3,warm,A,47,0.6524,20,-2.8396494143078597
3,warm,A,48,0.6594,39,-1.687780589527952
3,warm,A,49,0.6717,24,-2.2634885518976566
3,warm,A,50,0.6785,51,-1.8996199418245083
3,warm,A,51,0.6963,20,-2.135871236899402
3,warm,A,52,0.7033,14,-2.45344040675887
3,warm,A,53,0.7086,25,-2.979468097127974
3,warm,A,54,0.7182,19,-3.2651138514292573
3,warm,A,55,0.7258,31,-2.2471690938297297
3,warm,A,56,0.7359,20,-2.2664112760103308
3,warm,A,57,0.748,34,-2.727518741041422
3,warm,A,58,0.7558,35,-2.9163716203133974
3,warm,A,59,0.7714,73,-2.741930243546424
3,warm,A,60,0.7899,31,-2.9950851235358464
3,warm,A,61,0.7997,18,-0.41675315991354484
3,warm,A,62,0.8055,22,-1.4630411139612327
3,warm,A,63,0.8147,22,-2.8698210344565185
3,warm,A,64,0.8231,15,-2.6327204200128715
3,warm,A,65,0.8301,33,-1.9793439155275172
3,warm,A,66,0.8558,13,-2.1068409108198605
3,warm,A,67,0.8611,28,-0.7643084435299637
3,warm,A,68,0.8691,19,-1.511771564852097
3,warm,A,69,0.8768,30,-1.5000843176889853
3,warm,A,70,0.8907,39,-2.7973569673068153
3,warm,A,71,0.9043,16,-2.4036304486944573
3,warm,A,72,0.9101,29,-2.1668518102117655
3,warm,A,73,0.9181,17,-3.5343471239594852
3,warm,A,74,0.9239,30,-1.894868929720057
3,warm,A,75,0.932,31,-2.7533857975804787
3,warm,A,76,0.9401,36,-1.7447574439461784
3,warm,A,77,0.9499,25,-0.6715745744697051
3,warm,A,78,0.9571,15,-0.4530192485086445
3,warm,A,79,0.9789,33,-1.8610545415413622
3,warm,A,80,0.9912,21,-2.4245245565793345
3,warm,B,0,0.0,14,-0.005547266210279693
3,warm,B,1,0.0757,14,-0.007352543179877102
3,warm,B,2,0.1158,40,-0.00958425632907165
3,warm,B,3,0.1974,27,-0.013592118494367847
3,warm,B,4,0.2487,24,-0.0062590502144909506
3,warm,B,5,0.3069,18,-0.004608530672461105
3,warm,B,6,0.3701,26,-0.007155358628271922
3,warm,B,7,0.428,19,-0.021525204001782663
3,warm,B,8,0.4799,47,-0.004522040923202826
3,warm,B,9,0.5378,25,-0.0023547032300484717
3,warm,B,10,0.625,46,-0.006765652767132016
3,warm,B,11,0.7293,54,-0.0009363156732475814
3,warm,B,12,0.8359,63,-0.002174747690000841
3,warm,B,13,0.9395,27,-0.008217691654964356
3,mismatched,A,0,0.0,18,-0.08556411724000806
3,mismatched,A,1,0.008,32,-0.7117602819726017
3,mismatched,A,2,0.0239,38,-3.4724984055041874
3,mismatched,A,3,0.0445,30,-4.305152116095027
3,mismatched,A,4,0.055,17,-1.4779573903412229
3,mismatched,A,5,0.061,13,-2.7477874732934513
3,mismatched,A,6,0.0679,27,-2.4444215191459215
3,mismatched,A,7,0.0788,28,-3.397880451088505
3,mismatched,A,8,0.0908,27,-3.5296374526288776
3,mismatched,A,9,0.1026,32,-3.1723677522386424
3,mismatched,A,10,0.1147,50,-2.519060672026244
3,mismatched,A,11,0.129,21,-2.456935285280148
3,mismatched,A,12,0.137,23,-2.160505843753724
3,mismatched,A,13,0.1488,33,-2.983792805197564
3,mismatched,A,14,0.1595,19,-2.940337524315845
3,mismatched,A,15,0.1663,21,-3.21044307601239
3,mismatched,A,16,0.1777,12,-3.8458513791362443
3,mismatched,A,17,0.2192,38,-2.55312425580709
3,mismatched,A,18,0.2294,45,-2.358481714569239
3,mismatched,A,19,0.2418,14,-2.050085587826158
3,mismatched,A,20,0.2488,23,-3.469881143906842
3,mismatched,A,21,0.2616,47,-1.6077226167129839
3,mismatched,A,22,0.2747,21,-2.7157104526247298
3,mismatched,A,23,0.2841,38,-2.455453012285656
3,mismatched,A,24,0.2989,65,-2.1803621265679025
3,mismatched,A,25,0.3194,47,-3.6071501971876367
3,mismatched,A,26,0.346,26,-1.439670691266656
3,mismatched,A,27,0.3541,16,-1.4408288457780145
3,mismatched,A,28,0.3883,16,-2.923163527448196
3,mismatched,A,29,0.3969,18,-1.3047682988560863
3,mismatched,A,30,0.411,25,-1.8753696102288087
3,mismatched,A,31,0.4199,49,-2.1746114188025953
3,mismatched,A,32,0.4386,27,-0.3086442704898892
3,mismatched,A,33,0.4558,28,-1.1911332204929619
3,mismatched,A,34,0.4651,39,-2.250755738753539
3,mismatched,A,35,0.4762,31,-2.290108573953471
3,mismatched,A,36,0.4864,58,-1.9200571881038144
3,mismatched,A,37,0.5075,84,-2.641276551560579
3,mismatched,A,38,0.5334,67,-2.990307730323732
3,mismatched,A,39,0.5546,42,-3.1945311521024755
3,mismatched,A,40,0.568,52,-3.3511845511026106
3,mismatched,A,41,0.5851,91,-2.2372647558062613
3,mismatched,A,42,0.6116,14,-2.9665051145212993
3,mismatched,A,43,0.6175,20,-1.7477748124627397
3,mismatched,A,44,0.6231,33,-1.8237096590102848
3,mismatched,A,45,0.6369,22,-2.5153178701981562
3,mismatched,A,46,0.6444,23,-2.117812624444132
3,mismatched,A,47,0.6524,20,-2.9596650224495535
3,mismatched,A,48,0.6594,39,-1.7809004096839673
3,mismatched,A,49,0.6717,24,-2.508627898506044
3,mismatched,A,50,0.6785,51,-2.0467803403986253
3,mismatched,A,51,0.6963,20,-2.217885511601344
3,mismatched,A,52,0.7033,14,-2.5149893356221065
3,mismatched,A,53,0.7086,25,-3.100217965506017
3,mismatched,A,54,0.7182,19,-3.2842071448991956
3,mismatched,A,55,0.7258,31,-2.3377369768174003
3,mismatched,A,56,0.7359,20,-2.237479453114793
3,mismatched,A,57,0.748,34,-3.1512247341520645
3,mismatched,A,58,0.7558,35,-3.232028917116778
3,mismatched,A,59,0.7714,73,-3.111015993948669
3,mismatched,A,60,0.7899,31,-3.164853303002254
3,mismatched,A,61,0.7997,18,-0.5281561723063027
3,mismatched,A,62,0.8055,22,-1.513017689663684
3,mismatched,A,63,0.8147,22,-2.912546942518516
3,mismatched,A,64,0.8231,15,-2.865951799849669
3,mismatched,A,65,0.8301,33,-2.1110020416478315
3,mismatched,A,66,0.8558,13,-2.2211066530301022
3,mismatched,A,67,0.8611,28,-0.9355225260431845
3,mismatched,A,68,0.8691,19,-1.774915688131985
3,mismatched,A,69,0.8768,30,-1.6315122608667783
3,mismatched,A,70,0.8907,39,-2.914385701259538
3,mismatched,A,71,0.9043,16,-2.7133199910167605
3,mismatched,A,72,0.9101,29,-2.3595864261532653
3,mismatched,A,73,0.9181,17,-3.7550500736517063
3,mismatched,A,74,0.9239,30,-2.1292152443076096
3,mismatched,A,75,0.932,31,-2.9038696999064526
3,mismatched,A,76,0.9401,36,-1.8764628590110481
3,mismatched,A,77,0.9499,25,-0.853370186733082
3,mismatched,A,78,0.9571,15,-0.8607552387266575
3,mismatched,A,79,0.9789,33,-2.0590155378590818
3,mismatched,A,80,0.9912,21,-2.589982582566639
3,mismatched,B,0,0.0,14,-0.006658842539764009
3,mismatched,B,1,0.0757,14,-0.01421115525382837
3,mismatched,B,2,0.1158,40,-0.011324030019568453
3,mismatched,B,3,0.1974,27,-0.018604763035707746
3,mismatched,B,4,0.2487,24,-0.003996703961396027
3,mismatched,B,5,0.3069,18,-0.006395701136271883
3,mismatched,B,6,0.3701,26,-0.009966596046419559
3,mismatched,B,7,0.428,19,-0.029291436178027652
3,mismatched,B,8,0.4799,47,-0.0028338180031981094
3,mismatched,B,9,0.5378,25,-0.004446551706651008
3,mismatched,B,10,0.625,46,-0.0172766762780552
3,mismatched,B,11,0.7293,54,-0.001569799954133352
3,mismatched,B,12,0.8359,63,-0.0020896627893740687
3,mismatched,B,13,0.9395,27,-0.008510840154351038
4,cold,A,0,0.0,16,-1.9417081871069968
4,cold,A,1,0.0069,13,-2.7686699571517797
4,cold,A,2,0.0125,30,-0.8260306955839042
4,cold,A,3,0.0252,14,-4.380857388139702
4,cold,A,4,0.0394,30,-2.274323798396411
4,cold,A,5,0.063,17,-2.7517265985199413
4,cold,A,6,0.0765,24,-3.304435204316784
4,cold,A,7,0.0853,23,-1.6384656152222306
4,cold,A,8,0.0919,16,-3.0051641296595335
4,cold,A,9,0.0991,53,-2.8834142988582827
4,cold,A,10,0.1154,26,-2.0949963313312483
4,cold,A,11,0.1259,20,-0.790390111430679
4,cold,A,12,0.1327,13,-1.4287854169423764
4,cold,A,13,0.1449,20,-1.5781836990349802
4,cold,A,14,0.1518,26,-1.9706809349456587
4,cold,A,15,0.1618,34,-1.5381187759613728
4,cold,A,16,0.1755,31,-0.9778281684717043
4,cold,A,17,0.1851,31,-1.2216911983681888
4,cold,A,18,0.1941,21,-1.7530992499419622
4,cold,A,19,0.2035,90,-1.082174283492461
4,cold,A,20,0.23,29,-2.8707930111679536
4,cold,A,21,0.2416,16,-0.6193962839788583
4,cold,A,22,0.2565,15,-1.291971243855854
4,cold,A,23,0.2712,22,-2.044842059057208
4,cold,A,24,0.2798,21,-3.6949061013403393
4,cold,A,25,0.2882,19,-2.7414260681130385
4,cold,A,26,0.2956,20,-2.9108891180716454
4,cold,A,27,0.3112,23,-2.663881188420498
4,cold,A,28,0.3209,12,-3.132089308152596
4,cold,A,29,0.3269,98,-2.4156152906740616
4,cold,A,30,0.3696,31,-2.8411541395490207
4,cold,A,31,0.3825,25,-2.598316458268091
4,cold,A,32,0.3912,43,-1.0871513885795139
4,cold,A,33,0.4065,24,-1.4908309720340185
4,cold,A,34,0.4155,29,-2.8854367551634668
4,cold,A,35,0.4264,24,-2.7963007107997933
4,cold,A,36,0.4348,26,-2.844626559016223
4,cold,A,37,0.4433,35,-3.5132785832226676
4,cold,A,38,0.4543,21,-2.4015980223082893
4,cold,A,39,0.4643,21,-1.6163200136867264
4,cold,A,40,0.4835,17,-2.609217259211137
4,cold,A,41,0.4952,44,-1.2793053525806912
4,cold,A,42,0.5078,23,-1.9910209733782762
4,cold,A,43,0.5255,38,-1.63085505107914
4,cold,A,44,0.5419,23,-4.270840193914331
4,cold,A,45,0.5621,36,-1.959250759998996
4,cold,A,46,0.5765,39,-2.6772544856156366
4,cold,A,47,0.5948,46,-2.1090586828422206
4,cold,A,48,0.6082,17,-3.05340633026807
4,cold,A,49,0.6149,24,-0.9564924886499284
4,cold,A,50,0.6244,21,-2.553010565716596
4,cold,A,51,0.631,20,-1.7822303785418625
4,cold,A,52,0.6366,24,-2.0071734290036147
4,cold,A,53,0.644,22,-0.02646749643794134
4,cold,A,54,0.6526,32,-1.2666170747834258
4,cold,A,55,0.6676,30,-2.2930167291002967
4,cold,A,56,0.6795,36,-2.044442196173703
4,cold,A,57,0.6948,21,-2.8566725264702524
4,cold,A,58,0.7022,23,-3.211883927573976
4,cold,A,59,0.7116,30,-3.2188591280952097
4,cold,A,60,0.7235,26,-3.458621800518953
4,cold,A,61,0.7351,25,-1.4507404240965842
4,cold,A,62,0.7442,21,-3.129626016753415
4,cold,A,63,0.7525,38,-3.1634130489669348
4,cold,A,64,0.764,30,-2.6982956806081346
4,cold,A,65,0.7735,29,-2.2563982983762076
4,cold,A,66,0.7852,108,-1.7063031492197533
4,cold,A,67,0.8122,30,-2.1423943830809247
4,cold,A,68,0.8268,21,-1.431309071546864
4,cold,A,69,0.8383,18,-2.291408281566368
4,cold,A,70,0.8484,19,-2.81011647240896
4,cold,A,71,0.8599,18,-3.476776552076141
4,cold,A,72,0.8663,16,-3.04226927831769
4,cold,A,73,0.8746,31,-2.543994286803589
4,cold,A,74,0.8843,31,-2.07770094799719
4,cold,A,75,0.8939,23,-1.8228866309129999
4,cold,A,76,0.9018,33,-2.016617773368842
4,cold,A,77,0.9122,15,-2.4765059610440705
4,cold,A,78,0.92,26,-2.2865800186563527
4,cold,A,79,0.9304,14,-1.8948808681618954
4,cold,A,80,0.937,17,-1.1147476786418873
4,cold,A,81,0.9485,22,-2.6635001897600223
4,cold,A,82,0.9578,20,-2.2669341020286082
4,cold,A,83,0.9666,35,-3.0636430120893885
4,cold,A,84,0.9826,16,-1.0517493574952823
4,cold,A,85,0.9894,31,-2.3779673714680323
4,cold,B,0,0.0,27,-0.0020892478940502906
4,cold,B,1,0.0459,32,-0.008490853851469637
4,cold,B,2,0.1001,65,-0.027693053818690645
4,cold,B,3,0.1807,75,-0.014336887796331818
4,cold,B,4,0.3153,143,-0.004140464759043457
4,cold,B,5,0.5502,58,-0.004355526615827016
4,cold,B,6,0.638,37,-0.02440324007310099
4,cold,B,7,0.7014,82,-0.03994159108990017
4,cold,B,8,0.8171,92,-0.009189962688058427
4,cold,B,9,0.9483,29,-0.040542761472054205
4,warm,A,0,0.0,16,-2.043116088840179
4,warm,A,1,0.0069,13,-2.7808691893632593
4,warm,A,2,0.0125,30,-0.8789826611425572
4,warm,A,3,0.0252,14,-4.2390792265941855
4,warm,A,4,0.0394,30,-2.3456353504562384
4,warm,A,5,0.063,17,-2.7101883366703987
4,warm,A,6,0.0765,24,-3.0871105583695075
4,warm,A,7,0.0853,23,-1.7310549838053386
4,warm,A,8,0.0919,16,-2.8248845813795924
4,warm,A,9,0.0991,53,-2.957023305291275
4,warm,A,10,0.1154,26,-2.0360816522286487
4,warm,A,11,0.1259,20,-0.7660499368857018
4,warm,A,12,0.1327,13,-1.3649200888780446
4,warm,A,13,0.1449,20,-1.4803119347292522
4,warm,A,14,0.1518,26,-1.9742461898355173
4,warm,A,15,0.1618,34,-1.5513535780996524
4,warm,A,16,0.1755,31,-0.9174551271247647
4,warm,A,17,0.1851,31,-1.167884091819888
4,warm,A,18,0.1941,21,-1.685827061533928
4,warm,A,19,0.2035,90,-1.063806775676787
4,warm,A,20,0.23,29,-2.8181053100330433
4,warm,A,21,0.2416,16,-0.6303817199986952
4,warm,A,22,0.2565,15,-0.9628270534177621
4,warm,A,23,0.2712,22,-2.020896869254929
4,warm,A,24,0.2798,21,-3.7067186676320576
4,warm,A,25,0.2882,19,-2.7266653114929795
4,warm,A,26,0.2956,20,-2.92918396955356
4,warm,A,27,0.3112,23,-2.5017957050839197
4,warm,A,28,0.3209,12,-3.049739455959449
4,warm,A,29,0.3269,98,-2.372611327364694
4,warm,A,30,0.3696,31,-2.68608849243291
4,warm,A,31,0.3825,25,-2.5482094173436054
4,warm,A,32,0.3912,43,-1.059580118241747
4,warm,A,33,0.4065,24,-1.4905653807412211
4,warm,A,34,0.4155,29,-2.790056997372223
4,warm,A,35,0.4264,24,-2.7337166210636497
4,warm,A,36,0.4348,26,-2.8276234643103986
4,warm,A,37,0.4433,35,-3.3962349060939494
4,warm,A,38,0.4543,21,-2.2102136283092912
4,warm,A,39,0.4643,21,-1.6040124143473804
4,warm,A,40,0.4835,17,-2.6033652299700085
4,warm,A,41,0.4952,44,-1.2019100893773034
4,warm,A,42,0.5078,23,-1.8497399582771796
4,warm,A,43,0.5255,38,-1.627946227551499
4,warm,A,44,0.5419,23,-4.259295477329389
4,warm,A,45,0.5621,36,-1.9646331247193354
4,warm,A,46,0.5765,39,-2.66391853583105
4,warm,A,47,0.5948,46,-2.1541105623017875
4,warm,A,48,0.6082,17,-3.018356300354593
4,warm,A,49,0.6149,24,-0.9255916311943414
4,warm,A,50,0.6244,21,-2.390881339442872
4,warm,A,51,0.631,20,-1.7102212344674625
4,warm,A,52,0.6366,24,-1.8064458899182985
4,warm,A,53,0.644,22,-0.027715921587183733
4,warm,A,54,0.6526,32,-1.16918006915148
4,warm,A,55,0.6676,30,-2.22783744779105
4,warm,A,56,0.6795,36,-1.9806166351316077
4,warm,A,57,0.6948,21,-2.652206060077463
4,warm,A,58,0.7022,23,-3.1352896350638373
4,warm,A,59,0.7116,30,-3.1804651684438188
4,warm,A,60,0.7235,26,-3.3337049037218094
4,warm,A,61,0.7351,25,-1.4317277696030215
4,warm,A,62,0.7442,21,-3.0865820549522702
4,warm,A,63,0.7525,38,-3.1595658485434557
4,warm,A,64,0.764,30,-2.580955376588584
4,warm,A,65,0.7735,29,-2.265325267702855
4,warm,A,66,0.7852,108,-1.7123956725530054
4,warm,A,67,0.8122,30,-2.2431038286536933
4,warm,A,68,0.8268,21,-1.449033400997342
4,warm,A,69,0.8383,18,-2.256193008791241
4,warm,A,70,0.8484,19,-2.677709989641842
4,warm,A,71,0.8599,18,-3.262826308918496
4,warm,A,72,0.8663,16,-2.8736570049950387
4,warm,A,73,0.8746,31,-2.393896385832059
4,warm,A,74,0.8843,31,-2.023740546999409
4,warm,A,75,0.8939,23,-1.7807335280509584
4,warm,A,76,0.9018,33,-1.8919325198757262
4,warm,A,77,0.9122,15,-2.549940895293063
4,warm,A,78,0.92,26,-2.2246005904892696
4,warm,A,79,0.9304,14,-1.6948542631705226
4,warm,A,80,0.937,17,-1.120035449262051
4,warm,A,81,0.9485,22,-2.524025255232118
4,warm,A,82,0.9578,20,-2.158666104264557
4,warm,A,83,0.9666,35,-2.796565202517169
4,warm,A,84,0.9826,16,-0.8926576728263171
4,warm,A,85,0.9894,31,-2.2123700433704623
4,warm,B,0,0.0,27,-0.0012598037314496145
4,warm,B,1,0.0459,32,-0.0018031191238634392
4,warm,B,2,0.1001,65,-0.00881730231718533
4,warm,B,3,0.1807,75,-0.006886467465859217
4,warm,B,4,0.3153,143,-0.002236738850283759
4,warm,B,5,0.5502,58,-0.004753211200546377
4,warm,B,6,0.638,37,-0.011756786502775032
4,warm,B,7,0.7014,82,-0.02457960566089685
4,warm,B,8,0.8171,92,-0.007987733748208208
4,warm,B,9,0.9483,29,-0.025928668987850463
4,mismatched,A,0,0.0,16,-2.0464083693223074
4,mismatched,A,1,0.0069,13,-2.790888589162093
4,mismatched,A,2,0.0125,30,-0.8975785089855587
4,mismatched,A,3,0.0252,14,-4.318496908938479
4,mismatched,A,4,0.0394,30,-2.3937883978476746
4,mismatched,A,5,0.063,17,-2.721390892552924
4,mismatched,A,6,0.0765,24,-3.1020930084438683
4,mismatched,A,7,0.0853,23,-1.7766127838758226
4,mismatched,A,8,0.0919,16,-2.932826907373965
4,mismatched,A,9,0.0991,53,-2.9621978025391416
4,mismatched,A,10,0.1154,26,-1.9989250721051717
4,mismatched,A,11,0.1259,20,-0.76964158238261
4,mismatched,A,12,0.1327,13,-1.381922538463886
4,mismatched,A,13,0.1449,20,-1.5059055174309832
4,mismatched,A,14,0.1518,26,-1.9300895966634226
4,mismatched,A,15,0.1618,34,-1.5375587796682821
4,mismatched,A,16,0.1755,31,-0.9119206335500724
4,mismatched,A,17,0.1851,31,-1.2043950802650332
4,mismatched,A,18,0.1941,21,-1.6762256051103275
4,mismatched,A,19,0.2035,90,-1.0707343191181684
4,mismatched,A,20,0.23,29,-2.8558401318531934
4,mismatched,A,21,0.2416,16,-0.598701907099894
4,mismatched,A,22,0.2565,15,-0.9536571882044276
4,mismatched,A,23,0.2712,22,-2.0066900500206346
4,mismatched,A,24,0.2798,21,-3.657369846389407
4,mismatched,A,25,0.2882,19,-2.797218088844889
4,mismatched,A,26,0.2956,20,-2.849438044289127
4,mismatched,A,27,0.3112,23,-2.4955934656217047
4,mismatched,A,28,0.3209,12,-3.061799546742501
4,mismatched,A,29,0.3269,98,-2.397440466016967
4,mismatched,A,30,0.3696,31,-2.6923671406243117
4,mismatched,A,31,0.3825,25,-2.5698655598820186
4,mismatched,A,32,0.3912,43,-1.0462662302103802
4,mismatched,A,33,0.4065,24,-1.4859828798798844
4,mismatched,A,34,0.4155,29,-2.8193458782123595
4,mismatched,A,35,0.4264,24,-2.78951859070609
4,mismatched,A,36,0.4348,26,-2.8761652854915996
4,mismatched,A,37,0.4433,35,-3.4201781788063403
4,mismatched,A,38,0.4543,21,-2.325756886142439
4,mismatched,A,39,0.4643,21,-1.6020383065610768
4,mismatched,A,40,0.4835,17,-2.611636221381452
4,mismatched,A,41,0.4952,44,-1.213702163152365
4,mismatched,A,42,0.5078,23,-1.9001394532717075
4,mismatched,A,43,0.5255,38,-1.614757891061201
4,mismatched,A,44,0.5419,23,-4.268613278946799
4,mismatched,A,45,0.5621,36,-1.9437886159931976
4,mismatched,A,46,0.5765,39,-2.68582761560407
4,mismatched,A,47,0.5948,46,-2.1431231726183677
4,mismatched,A,48,0.6082,17,-2.9810644707656193
4,mismatched,A,49,0.6149,24,-0.929501751039273
4,mismatched,A,50,0.6244,21,-2.380535222057785
4,mismatched,A,51,0.631,20,-1.7294030067656423
4,mismatched,A,52,0.6366,24,-1.8311644080701324
4,mismatched,A,53,0.644,22,-0.029318983653369782
4,mismatched,A,54,0.6526,32,-1.1703644981607795
4,mismatched,A,55,0.6676,30,-2.231745482189581
4,mismatched,A,56,0.6795,36,-1.9996663045567402
4,mismatched,A,57,0.6948,21,-2.68448259792335
4,mismatched,A,58,0.7022,23,-3.151794817744066
4,mismatched,A,59,0.7116,30,-3.1996208134417734
4,mismatched,A,60,0.7235,26,-3.314256589573163
4,mismatched,A,61,0.7351,25,-1.446639954354614
4,mismatched,A,62,0.7442,21,-3.119431949766641
4,mismatched,A,63,0.7525,38,-3.1740191130849875
4,mismatched,A,64,0.764,30,-2.5906636043723363
4,mismatched,A,65,0.7735,29,-2.2715797751242746
4,mismatched,A,66,0.7852,108,-1.7161773696290632
4,mismatched,A,67,0.8122,30,-2.2322903148209057
4,mismatched,A,68,0.8268,21,-1.4409936485545976
4,mismatched,A,69,0.8383,18,-2.3220558224452867
4,mismatched,A,70,0.8484,19,-2.7742403263324187
4,mismatched,A,71,0.8599,18,-3.374414017010066
4,mismatched,A,72,0.8663,16,-2.855422984168399
4,mismatched,A,73,0.8746,31,-2.465648367580387
4,mismatched,A,74,0.8843,31,-2.059760898434287
4,mismatched,A,75,0.8939,23,-1.732902652806724
4,mismatched,A,76,0.9018,33,-1.918164954696708
4,mismatched,A,77,0.9122,15,-2.5616198164449693
4,mismatched,A,78,0.92,26,-2.2119663178010134
4,mismatched,A,79,0.9304,14,-1.7065711445507727
4,mismatched,A,80,0.937,17,-1.1272958729635267
4,mismatched,A,81,0.9485,22,-2.5553857586664064
4,mismatched,A,82,0.9578,20,-2.1565426368266345
4,mismatched,A,83,0.9666,35,-2.8637902768594876
4,mismatched,A,84,0.9826,16,-0.8411501343070995
4,mismatched,A,85,0.9894,31,-2.2799048888552913
4,mismatched,B,0,0.0,27,-0.0012859010423232609
4,mismatched,B,1,0.0459,32,-0.0014791332838015592
4,mismatched,B,2,0.1001,65,-0.006452864407412142
4,mismatched,B,3,0.1807,75,-0.004439437123316263
4,mismatched,B,4,0.3153,143,-0.0020739352720312554
4,mismatched,B,5,0.5502,58,-0.004187825030008941
4,mismatched,B,6,0.638,37,-0.009908798807127578
4,mismatched,B,7,0.7014,82,-0.01761741555273835
4,mismatched,B,8,0.8171,92,-0.005744194945548216
4,mismatched,B,9,0.9483,29,-0.024451707183712205
5,cold,A,0,0.0,67,-1.7302529859285751
5,cold,A,1,0.0163,19,-2.277919826146803
5,cold,A,2,0.0287,14,-1.617853810744626
5,cold,A,3,0.0414,21,-1.6939446864694
5,cold,A,4,0.0559,35,-2.4555228114128114
5,cold,A,5,0.0702,32,-1.695777080632979
5,cold,A,6,0.0799,23,-2.0281226187944412
5,cold,A,7,0.0894,15,-3.3421897411346437
5,cold,A,8,0.1237,24,-1.850481036641213
5,cold,A,9,0.1326,11,-1.8262992311607709
5,cold,A,10,0.1407,52,-2.9451887970216584
5,cold,A,11,0.1665,61,-1.6129123420200737
5,cold,A,12,0.1887,17,-1.3945296643411411
5,cold,A,13,0.2126,15,-1.9305878007163604
5,cold,A,14,0.2187,13,-1.3175212857671654
5,cold,A,15,0.2244,28,-2.2794819608929435
5,cold,A,16,0.2307,34,-2.896585302076453
5,cold,A,17,0.2436,26,-2.463230275360939
5,cold,A,18,0.2639,35,-3.0266590303076164
5,cold,A,19,0.2787,22,-3.2209052179347384
5,cold,A,20,0.2865,23,-2.6713616579123167
5,cold,A,21,0.2947,37,-2.4847109268161445
5,cold,A,22,0.3056,26,-2.2534509766130495
5,cold,A,23,0.3169,43,-2.86541273448952
5,cold,A,24,0.3337,19,-2.024786225250481
5,cold,A,25,0.3419,15,-2.729290082802375
5,cold,A,26,0.3496,52,-1.7561765926925896
5,cold,A,27,0.4088,15,-1.9550385236740113
5,cold,A,28,0.4241,23,-2.0328581248936444
5,cold,A,29,0.4313,29,-2.7357443095714755
5,cold,A,30,0.4516,22,-3.2457674222744326
5,cold,A,31,0.4611,33,-0.7197004001427558
5,cold,A,32,0.4707,13,-0.4949010559086254
5,cold,A,33,0.4805,18,-1.188888140207079
5,cold,A,34,0.4945,31,-1.6059304467841773
5,cold,A,35,0.5051,11,-1.9858964640985837
5,cold,A,36,0.5146,26,-3.4814165130687447
5,cold,A,37,0.5324,19,-4.575636495492961
5,cold,A,38,0.5491,119,-3.3182217146958686
5,cold,A,39,0.5782,99,-3.0418800944744637
5,cold,A,40,0.6072,39,-2.6770549309872784
5,cold,A,41,0.625,46,-2.1545342122477926
5,cold,A,42,0.6379,17,-3.174285707923392
5,cold,A,43,0.6444,28,-2.9240624189842492
5,cold,A,44,0.6562,36,-2.166083151956425
5,cold,A,45,0.6758,45,-1.3514795613491313
5,cold,A,46,0.7134,21,-2.3896645856854906
5,cold,A,47,0.7249,27,-2.310704072833889
5,cold,A,48,0.7456,16,-1.9979505182709545
5,cold,A,49,0.7611,34,-2.13004650609058
5,cold,A,50,0.7737,31,-1.7764208601457216
5,cold,A,51,0.7947,15,-1.9624416053295135
5,cold,A,52,0.8063,34,-1.815198169900481
5,cold,A,53,0.8274,18,-3.90258518130415
5,cold,A,54,0.8343,16,-4.246386499609798
5,cold,A,55,0.8471,28,-2.504238165399459
5,cold,A,56,0.8564,30,-1.3021182790683572
5,cold,A,57,0.8655,13,-1.6804479714841223
5,cold,A,58,0.8718,40,-2.4300663582715516
5,cold,A,59,0.8864,29,-3.3981474818689907
5,cold,A,60,0.8969,41,-2.3478902500298826
5,cold,A,61,0.9138,16,-1.8614519197271875
5,cold,A,62,0.9209,35,-2.368495409137436
5,cold,A,63,0.932,34,-1.6798688999839642
5,cold,A,64,0.9482,37,-2.6180693169291183
5,cold,A,65,0.9597,36,-2.5174527863273397
5,cold,A,66,0.9706,15,-2.4932260951027274
5,cold,A,67,0.9825,18,-0.02635352402649005
5,cold,A,68,0.9902,29,-1.265473634193266
5,cold,B,0,0.0794,16,-0.012625970177850832
5,cold,B,1,0.1242,19,-0.005666827069178812
5,cold,B,2,0.1789,14,-0.004199815976400194
5,cold,B,3,0.2395,13,-0.00801686852131612
5,cold,B,4,0.2768,16,-0.004449129388433448
5,cold,B,5,0.3161,28,-0.0034328157645567054
5,cold,B,6,0.375,14,-0.009542844875665781
5,cold,B,7,0.4126,21,-0.004697483757072838
5,cold,B,8,0.4738,32,-0.002422326658631846
5,cold,B,9,0.5371,36,-0.0012339028887266876
5,cold,B,10,0.6131,50,-0.01652808604791062
5,cold,B,11,0.7308,19,-0.003231421111482441
5,cold,B,12,0.859,29,-0.00720739458057355
5,cold,B,13,0.9186,29,-0.006381233718770843
5,warm,A,0,0.0,67,-1.870999336942471
5,warm,A,1,0.0163,19,-2.3853025244254815
5,warm,A,2,0.0287,14,-1.868555884808302
5,warm,A,3,0.0414,21,-1.7755874226845445
5,warm,A,4,0.0559,35,-2.7566394368851825
5,warm,A,5,0.0702,32,-1.7644447517413937
5,warm,A,6,0.0799,23,-1.9150381784724153
5,warm,A,7,0.0894,15,-3.5914490660031637
5,warm,A,8,0.1237,24,-2.019673828729234
5,warm,A,9,0.1326,11,-1.9225100241601467
5,warm,A,10,0.1407,52,-2.9444828502920037
5,warm,A,11,0.1665,61,-1.8398064313605276
5,warm,A,12,0.1887,17,-1.9758512504837091
5,warm,A,13,0.2126,15,-2.059537180264791
5,warm,A,14,0.2187,13,-1.552561606352146
5,warm,A,15,0.2244,28,-2.5476769384196296
5,warm,A,16,0.2307,34,-3.2380873909312546
5,warm,A,17,0.2436,26,-2.740442914574837
5,warm,A,18,0.2639,35,-3.055876937082836
5,warm,A,19,0.2787,22,-4.050270308147777
5,warm,A,20,0.2865,23,-3.274898877610331
5,warm,A,21,0.2947,37,-2.713305302190821
5,warm,A,22,0.3056,26,-2.2450846014186165
5,warm,A,23,0.3169,43,-3.231311071639729
5,warm,A,24,0.3337,19,-2.321288882215556
5,warm,A,25,0.3419,15,-2.8940581773718197
5,warm,A,26,0.3496,52,-1.9683805676893547
5,warm,A,27,0.4088,15,-2.0317008793354034
5,warm,A,28,0.4241,23,-2.4910848480851753
5,warm,A,29,0.4313,29,-3.30910929921886
5,warm,A,30,0.4516,22,-3.540423122319308
5,warm,A,31,0.4611,33,-0.922067669216741
5,warm,A,32,0.4707,13,-1.0554176103883388
5,warm,A,33,0.4805,18,-1.5261081889685657
5,warm,A,34,0.4945,31,-1.636193138832647
5,warm,A,35,0.5051,11,-2.1005592698400672
5,warm,A,36,0.5146,26,-3.650441648152012
5,warm,A,37,0.5324,19,-4.396523408983883
5,warm,A,38,0.5491,119,-3.6532121531649673
5,warm,A,39,0.5782,99,-3.4016639429163376
5,warm,A,40,0.6072,39,-2.8828621532257577
5,warm,A,41,0.625,46,-2.190113890101202
5,warm,A,42,0.6379,17,-3.0170953908767415
5,warm,A,43,0.6444,28,-3.312240711679416
5,warm,A,44,0.6562,36,-2.257551380006286
5,warm,A,45,0.6758,45,-1.0838318242846678
5,warm,A,46,0.7134,21,-2.7854367368854582
5,warm,A,47,0.7249,27,-2.6024746886558003
5,warm,A,48,0.7456,16,-1.9061812137952074
5,warm,A,49,0.7611,34,-2.180290289024603
5,warm,A,50,0.7737,31,-2.8312055247445262
5,warm,A,51,0.7947,15,-2.155956878264745
5,warm,A,52,0.8063,34,-1.8922518644993782
5,warm,A,53,0.8274,18,-4.504574754585822
5,warm,A,54,0.8343,16,-4.080371641786769
5,warm,A,55,0.8471,28,-2.6544666118903217
5,warm,A,56,0.8564,30,-1.8277644316665829
5,warm,A,57,0.8655,13,-1.5061485727962394
5,warm,A,58,0.8718,40,-2.469457467271036
5,warm,A,59,0.8864,29,-3.3552588216276993
5,warm,A,60,0.8969,41,-2.45847504601882
5,warm,A,61,0.9138,16,-2.1587375475792214
5,warm,A,62,0.9209,35,-2.382361953705549
5,warm,A,63,0.932,34,-1.7871663396562165
5,warm,A,64,0.9482,37,-2.9422710314275053
5,warm,A,65,0.9597,36,-2.72355450555915
5,warm,A,66,0.9706,15,-2.4940809083481628
5,warm,A,67,0.9825,18,-0.0816331165721446
5,warm,A,68,0.9902,29,-1.9169046713103508
5,warm,B,0,0.0794,16,-0.007212281334886939
5,warm,B,1,0.1242,19,-0.00982987710679146
5,warm,B,2,0.1789,14,-0.007539184946965959
5,warm,B,3,0.2395,13,-0.014701647482490024
5,warm,B,4,0.2768,16,-0.007715804788404057
5,warm,B,5,0.3161,28,-0.024003632391083687
5,warm,B,6,0.375,14,-0.05997880282562359
5,warm,B,7,0.4126,21,-0.01896474815328561
5,warm,B,8,0.4738,32,-0.006244841826401171
5,warm,B,9,0.5371,36,-0.0016959981222092562
5,warm,B,10,0.6131,50,-0.03676294801873155
5,warm,B,11,0.7308,19,-0.004950896381112551
5,warm,B,12,0.859,29,-0.014484012540849326
5,warm,B,13,0.9186,29,-0.008264727532715087
5,mismatched,A,0,0.0,67,-1.8097409460398053
5,mismatched,A,1,0.0163,19,-2.302023648235359
5,mismatched,A,2,0.0287,14,-1.7541085705161095
5,mismatched,A,3,0.0414,21,-1.7285427405454574
5,mismatched,A,4,0.0559,35,-2.599191140556442
5,mismatched,A,5,0.0702,32,-1.7228722583904528
5,mismatched,A,6,0.0799,23,-1.9352621768560747
5,mismatched,A,7,0.0894,15,-3.545457037289937
5,mismatched,A,8,0.1237,24,-1.945262465807294
5,mismatched,A,9,0.1326,11,-1.8996512676504524
5,mismatched,A,10,0.1407,52,-2.868962230178183
5,mismatched,A,11,0.1665,61,-1.6654872719625957
5,mismatched,A,12,0.1887,17,-1.6324510829084937
5,mismatched,A,13,0.2126,15,-2.0358904995024205
5,mismatched,A,14,0.2187,13,-1.49157418224674
5,mismatched,A,15,0.2244,28,-2.3076115561416373
5,mismatched,A,16,0.2307,34,-3.1875272428288177
5,mismatched,A,17,0.2436,26,-2.804928741838711
5,mismatched,A,18,0.2639,35,-2.9230262402178986
5,mismatched,A,19,0.2787,22,-3.5593882975253193
5,mismatched,A,20,0.2865,23,-3.0724750238916148
5,mismatched,A,21,0.2947,37,-2.6519433169034183
5,mismatched,A,22,0.3056,26,-2.287175399537843
5,mismatched,A,23,0.3169,43,-3.032280135718391
5,mismatched,A,24,0.3337,19,-2.246527090374576
5,mismatched,A,25,0.3419,15,-2.89961625089248
5,mismatched,A,26,0.3496,52,-1.7520205325070912
5,mismatched,A,27,0.4088,15,-1.9568350970745088
5,mismatched,A,28,0.4241,23,-2.3802005099132657
5,mismatched,A,29,0.4313,29,-2.856948042256308
5,mismatched,A,30,0.4516,22,-3.396079058885913
5,mismatched,A,31,0.4611,33,-0.830218190282308
5,mismatched,A,32,0.4707,13,-0.7187533675818346
5,mismatched,A,33,0.4805,18,-1.4721597940919713
5,mismatched,A,34,0.4945,31,-1.6292741397365686
5,mismatched,A,35,0.5051,11,-2.0347308570688423
5,mismatched,A,36,0.5146,26,-3.586022559266824
5,mismatched,A,37,0.5324,19,-4.350189202318066
5,mismatched,A,38,0.5491,119,-3.4893605550007596
5,mismatched,A,39,0.5782,99,-3.1536999430102908
5,mismatched,A,40,0.6072,39,-2.736568098996754
5,mismatched,A,41,0.625,46,-2.2510538932426996
5,mismatched,A,42,0.6379,17,-3.062180538495715
5,mismatched,A,43,0.6444,28,-3.0420241973229816
5,mismatched,A,44,0.6562,36,-2.1459892512842393
5,mismatched,A,45,0.6758,45,-1.1058334829027041
5,mismatched,A,46,0.7134,21,-2.5014063764053085
5,mismatched,A,47,0.7249,27,-2.500862034417137
5,mismatched,A,48,0.7456,16,-1.9612450380809605
5,mismatched,A,49,0.7611,34,-2.1153133796696615
5,mismatched,A,50,0.7737,31,-2.1401890648468846
5,mismatched,A,51,0.7947,15,-2.057580595215162
5,mismatched,A,52,0.8063,34,-1.7904451200967528
5,mismatched,A,53,0.8274,18,-4.379994293881787
5,mismatched,A,54,0.8343,16,-4.157038347562775
5,mismatched,A,55,0.8471,28,-2.476773382784034
5,mismatched,A,56,0.8564,30,-1.3815174782074489
5,mismatched,A,57,0.8655,13,-1.6494035913537328
5,mismatched,A,58,0.8718,40,-2.428347738577395
5,mismatched,A,59,0.8864,29,-3.3257010712442368
5,mismatched,A,60,0.8969,41,-2.418774372898042
5,mismatched,A,61,0.9138,16,-2.0483801609807415
5,mismatched,A,62,0.9209,35,-2.4585415811410973
5,mismatched,A,63,0.932,34,-1.6549757731783543
5,mismatched,A,64,0.9482,37,-3.0017869931183965
5,mismatched,A,65,0.9597,36,-2.8291165983019813
5,mismatched,A,66,0.9706,15,-2.481538325858613
5,mismatched,A,67,0.9825,18,-0.043412336138620354
5,mismatched,A,68,0.9902,29,-1.552668462097966
5,mismatched,B,0,0.0794,16,-0.008727500777240493
5,mismatched,B,1,0.1242,19,-0.02763410006331182
5,mismatched,B,2,0.1789,14,-0.011982286818757919
5,mismatched,B,3,0.2395,13,-0.014537358969951479
5,mismatched,B,4,0.2768,16,-0.014184574200044153
5,mismatched,B,5,0.3161,28,-0.03198295866812779
5,mismatched,B,6,0.375,14,-0.04804252021131106
5,mismatched,B,7,0.4126,21,-0.021527438452245577
5,mismatched,B,8,0.4738,32,-0.011436571692684083
5,mismatched,B,9,0.5371,36,-0.002402679994373121
5,mismatched,B,10,0.6131,50,-0.0379053716751514
5,mismatched,B,11,0.7308,19,-0.0067758640246833425
5,mismatched,B,12,0.859,29,-0.02286707436423026
5,mismatched,B,13,0.9186,29,-0.004911172972305363
6,cold,A,0,0.0094,23,-2.616932085431788
6,cold,A,1,0.0177,21,-2.7489439896086143
6,cold,A,2,0.0271,12,-2.231864207186542
6,cold,A,3,0.0339,12,-2.088728270803889
6,cold,A,4,0.0406,21,-2.3084732268138657
6,cold,A,5,0.0553,17,-2.446092771314023
6,cold,A,6,0.0633,26,-2.246973370380986
6,cold,A,7,0.0729,25,-2.406493862643838
6,cold,A,8,0.0839,17,-1.612644085989279
6,cold,A,9,0.0927,18,-2.317364406047596
6,cold,A,10,0.1011,16,-3.276549298167083
6,cold,A,11,0.1378,21,-2.428277411209863
6,cold,A,12,0.1519,28,-1.9614936536859855
6,cold,A,13,0.1697,40,-1.4504347842381322
6,cold,A,14,0.1829,20,-3.843289514631033
6,cold,A,15,0.1905,22,-2.350583568046039
6,cold,A,16,0.1995,28,-3.134341406236802
6,cold,A,17,0.2152,15,-2.523379105857263
6,cold,A,18,0.2214,22,-2.6304229805245996
6,cold,A,19,0.2364,20,-1.1127041126601398
6,cold,A,20,0.2427,19,-2.2033583945349644
6,cold,A,21,0.2504,21,-1.9038371821516193
6,cold,A,22,0.2588,13,-2.7148419885108104
6,cold,A,23,0.268,17,-2.3807891385958477
6,cold,A,24,0.2738,29,-2.125715721009203
6,cold,A,25,0.2829,15,-3.4156872421503066
6,cold,A,26,0.2898,17,-2.6725765230024563
6,cold,A,27,0.3042,31,-2.932655441454582
6,cold,A,28,0.3211,16,-2.0210518654057523
6,cold,A,29,0.3282,35,-2.313643491906779
6,cold,A,30,0.3431,15,-0.8223979698726908
6,cold,A,31,0.3539,20,-0.48467133783747157
6,cold,A,32,0.3598,17,-0.038240533143620914
6,cold,A,33,0.3673,17,-1.3814982904387922
6,cold,A,34,0.3878,29,-2.022748011453398
6,cold,A,35,0.3961,16,-2.076012426565285
6,cold,A,36,0.403,35,-2.3464707288841185
6,cold,A,37,0.421,21,-3.2289919584291056
6,cold,A,38,0.4272,31,-1.004354452783211
6,cold,A,39,0.4365,22,-1.3872073800250126
6,cold,A,40,0.4438,20,-3.410156833265501
6,cold,A,41,0.4512,31,-2.234309067852014
6,cold,A,42,0.463,31,-2.9021081265002007
6,cold,A,43,0.4704,77,-2.6248733209591215
6,cold,A,44,0.4954,19,-3.9042940171141374
6,cold,A,45,0.5038,100,-3.222534135102178
6,cold,A,46,0.536,79,-2.530614536532637
6,cold,A,47,0.5587,68,-2.8553550857982106
6,cold,A,48,0.5782,85,-3.118196027423255
6,cold,A,49,0.6021,20,-3.502338072285056
6,cold,A,50,0.6096,19,-1.7149246663535258
6,cold,A,51,0.6162,16,-0.9387404520689415
6,cold,A,52,0.6223,17,-2.1641110090495204
6,cold,A,53,0.6603,30,-4.226762898700932
6,cold,A,54,0.6756,16,-1.795730809448287
6,cold,A,55,0.6834,23,-1.5174231194364636
6,cold,A,56,0.6941,37,-1.9125291090433068
6,cold,A,57,0.7065,27,-1.7748284527549036
6,cold,A,58,0.7191,22,-1.702103232411239
6,cold,A,59,0.7328,11,-2.3171439441767605
6,cold,A,60,0.7382,21,-2.170667965852079
6,cold,A,61,0.7469,20,-3.25430147915431
6,cold,A,62,0.7616,22,-1.9170501367612318
6,cold,A,63,0.7714,130,-2.2717725349281235
6,cold,A,64,0.8116,75,-2.6358888008918924
6,cold,A,65,0.834,37,-2.2556250742762476
6,cold,A,66,0.8493,33,-3.3689125742989057
6,cold,A,67,0.867,53,-1.33628494103714
6,cold,A,68,0.8798,21,-2.8357296260628138
6,cold,A,69,0.8873,18,-2.0061572014302427
6,cold,A,70,0.8983,26,-2.7769462777471814
6,cold,A,71,0.9067,42,-2.7795793473113526
6,cold,A,72,0.9229,25,-2.6871787942713126
6,cold,A,73,0.9307,24,-3.0896545340413772
6,cold,A,74,0.9373,40,-3.2666072332034672
6,cold,A,75,0.9528,13,-2.1620909800179877
6,cold,A,76,0.9581,29,-1.0649777394641644
6,cold,A,77,0.9669,49,-0.5662569816690198
6,cold,A,78,0.991,27,-2.735214923680932
6,cold,B,0,0.0,20,-0.00212575589057451
6,cold,B,1,0.0379,17,-0.015499227422129907
6,cold,B,2,0.0859,19,-0.0013136823399690911
6,cold,B,3,0.1397,31,-0.009961614894461578
6,cold,B,4,0.207,24,-0.0035232444788562134
6,cold,B,5,0.2668,18,-0.0012167978347857262
6,cold,B,6,0.3132,14,-0.015548990769145479
6,cold,B,7,0.3537,17,-0.001966625464894926
6,cold,B,8,0.4007,25,-0.002857908562727971
6,cold,B,9,0.4535,24,-0.002220162870571585
6,cold,B,10,0.5394,23,-0.006399870903291942
6,cold,B,11,0.5867,28,-0.0022299579806193443
6,cold,B,12,0.6757,38,-0.0015261664860812935
6,cold,B,13,0.7481,16,-0.005118903346556181
6,cold,B,14,0.8062,19,-0.004618179607381248
6,cold,B,15,0.8441,39,-0.0026153226490117586
6,cold,B,16,0.953,23,-0.01822128471196819
6,warm,A,0,0.0094,23,-2.6596548592914706
6,warm,A,1,0.0177,21,-2.87918086456401
6,warm,A,2,0.0271,12,-2.0194672711077146
6,warm,A,3,0.0339,12,-2.3477609123413763
6,warm,A,4,0.0406,21,-2.341128688649319
6,warm,A,5,0.0553,17,-2.903872371212963
6,warm,A,6,0.0633,26,-2.4847536562727046
6,warm,A,7,0.0729,25,-2.5530849204957486
6,warm,A,8,0.0839,17,-1.8457843332606203
6,warm,A,9,0.0927,18,-2.3594705540065966
6,warm,A,10,0.1011,16,-3.5655019544065
6,warm,A,11,0.1378,21,-2.594104139843867
6,warm,A,12,0.1519,28,-2.0616203645975992
6,warm,A,13,0.1697,40,-1.5324706760264235
6,warm,A,14,0.1829,20,-3.8168037260882555
6,warm,A,15,0.1905,22,-2.34338111972267
6,warm,A,16,0.1995,28,-3.189507009594568
6,warm,A,17,0.2152,15,-2.9686745556692284
6,warm,A,18,0.2214,22,-3.01448088130829
6,warm,A,19,0.2364,20,-1.8196753431111574
6,warm,A,20,0.2427,19,-2.2340918732316872
6,warm,A,21,0.2504,21,-2.3455864956402883
6,warm,A,22,0.2588,13,-2.584000318669356
6,warm,A,23,0.268,17,-2.3189358229146286
6,warm,A,24,0.2738,29,-2.354193393462177
6,warm,A,25,0.2829,15,-3.603224261601766
6,warm,A,26,0.2898,17,-2.8342997344101177
6,warm,A,27,0.3042,31,-3.1738105293122993
6,warm,A,28,0.3211,16,-2.2055576362181455
6,warm,A,29,0.3282,35,-2.4425440340169837
6,warm,A,30,0.3431,15,-1.21863196156919
6,warm,A,31,0.3539,20,-0.3315591674787811
6,warm,A,32,0.3598,17,-0.03517529768535443
6,warm,A,33,0.3673,17,-1.715551082866595
6,warm,A,34,0.3878,29,-2.077913029954351
6,warm,A,35,0.3961,16,-2.8812470177654177
6,warm,A,36,0.403,35,-2.421075075864792
6,warm,A,37,0.421,21,-3.3862955589734374
6,warm,A,38,0.4272,31,-1.438248622531612
6,warm,A,39,0.4365,22,-1.6370467071696608
6,warm,A,40,0.4438,20,-3.6186604793183506
6,warm,A,41,0.4512,31,-2.3118790564908376
6,warm,A,42,0.463,31,-3.0411377479923107
6,warm,A,43,0.4704,77,-2.490980145883559
6,warm,A,44,0.4954,19,-4.0230217889735576
6,warm,A,45,0.5038,100,-3.81293000851525
6,warm,A,46,0.536,79,-2.5070126056965867
6,warm,A,47,0.5587,68,-3.1998479977345973
6,warm,A,48,0.5782,85,-3.20206167038311
6,warm,A,49,0.6021,20,-3.15929596349597
6,warm,A,50,0.6096,19,-1.7026438205257843
6,warm,A,51,0.6162,16,-1.0136185895707968
6,warm,A,52,0.6223,17,-2.4536653461263462
6,warm,A,53,0.6603,30,-4.249974867825707
6,warm,A,54,0.6756,16,-2.1601697180303745
6,warm,A,55,0.6834,23,-1.6329584729290851
6,warm,A,56,0.6941,37,-1.9189349330190453
6,warm,A,57,0.7065,27,-1.887581584630189
6,warm,A,58,0.7191,22,-1.8343420310368608
6,warm,A,59,0.7328,11,-2.538644527847117
6,warm,A,60,0.7382,21,-2.2576733294963125
6,warm,A,61,0.7469,20,-3.156656484605628
6,warm,A,62,0.7616,22,-1.934751417149197
6,warm,A,63,0.7714,130,-2.3966289319603953
6,warm,A,64,0.8116,75,-2.8132376318145544
6,warm,A,65,0.834,37,-2.2694767600026085
6,warm,A,66,0.8493,33,-3.851323361310995
6,warm,A,67,0.867,53,-1.4879633017236593
6,warm,A,68,0.8798,21,-2.835658229155732
6,warm,A,69,0.8873,18,-2.1551204364635246
6,warm,A,70,0.8983,26,-3.2425882655840654
6,warm,A,71,0.9067,42,-3.0283788708094064
6,warm,A,72,0.9229,25,-2.6826614525553305
6,warm,A,73,0.9307,24,-3.366823558060181
6,warm,A,74,0.9373,40,-3.48608317324979
6,warm,A,75,0.9528,13,-2.2456583665827146
6,warm,A,76,0.9581,29,-1.7832950824422056
6,warm,A,77,0.9669,49,-0.7589841292203939
6,warm,A,78,0.991,27,-2.2850503456882305
6,warm,B,0,0.0,20,-0.010206974542961688
6,warm,B,1,0.0379,17,-0.011021063845285372
6,warm,B,2,0.0859,19,-0.001942552162577876
6,warm,B,3,0.1397,31,-0.008123687942521253
6,warm,B,4,0.207,24,-0.0023268692304251695
6,warm,B,5,0.2668,18,-0.020932796164945304
6,warm,B,6,0.3132,14,-0.009801691394906291
6,warm,B,7,0.3537,17,-0.013487307491058184
6,warm,B,8,0.4007,25,-0.011911917579782312
6,warm,B,9,0.4535,24,-0.00779840519650558
6,warm,B,10,0.5394,23,-0.00959766150987454
6,warm,B,11,0.5867,28,-0.001872702997453806
6,warm,B,12,0.6757,38,-0.0005287173782419
6,warm,B,13,0.7481,16,-0.00318962809342338
6,warm,B,14,0.8062,19,-0.005669361757387186
6,warm,B,15,0.8441,39,-0.0013068066355817092
6,warm,B,16,0.953,23,-0.009744732971423377
6,mismatched,A,0,0.0094,23,-2.6600018367171288
6,mismatched,A,1,0.0177,21,-2.8770209859524454
6,mismatched,A,2,0.0271,12,-1.9963709313209013
6,mismatched,A,3,0.0339,12,-2.346094793950518
6,mismatched,A,4,0.0406,21,-2.353969001776672
6,mismatched,A,5,0.0553,17,-2.946010445847231
6,mismatched,A,6,0.0633,26,-2.5075340382754803
6,mismatched,A,7,0.0729,25,-2.5969110275804996
6,mismatched,A,8,0.0839,17,-1.8508658369674402
6,mismatched,A,9,0.0927,18,-2.3755727081249156
6,mismatched,A,10,0.1011,16,-3.6558364871889353
6,mismatched,A,11,0.1378,21,-2.6356176689178463
6,mismatched,A,12,0.1519,28,-2.087923175671936
6,mismatched,A,13,0.1697,40,-1.5851599012050428
6,mismatched,A,14,0.1829,20,-3.8480613413266838
6,mismatched,A,15,0.1905,22,-2.382887275550853
6,mismatched,A,16,0.1995,28,-3.217696374016149
6,mismatched,A,17,0.2152,15,-2.9081875212490558
6,mismatched,A,18,0.2214,22,-2.9907007473944263
6,mismatched,A,19,0.2364,20,-1.7926974926143884
6,mismatched,A,20,0.2427,19,-2.286442911938617
6,mismatched,A,21,0.2504,21,-2.3619122599428963
6,mismatched,A,22,0.2588,13,-2.591248807998804
6,mismatched,A,23,0.268,17,-2.3553527172874
6,mismatched,A,24,0.2738,29,-2.4061680622398853
6,mismatched,A,25,0.2829,15,-3.7636322816212973
6,mismatched,A,26,0.2898,17,-2.8252806987832573
6,mismatched,A,27,0.3042,31,-3.2368170186696994
6,mismatched,A,28,0.3211,16,-2.369122866439284
6,mismatched,A,29,0.3282,35,-2.5732444294861385
6,mismatched,A,30,0.3431,15,-1.3085296989729007
6,mismatched,A,31,0.3539,20,-0.3270842270098683
6,mismatched,A,32,0.3598,17,-0.039743728029433815
6,mismatched,A,33,0.3673,17,-1.73187312438591
6,mismatched,A,34,0.3878,29,-2.193391764986104
6,mismatched,A,35,0.3961,16,-3.1682024693582207
6,mismatched,A,36,0.403,35,-2.458223234755652
6,mismatched,A,37,0.421,21,-3.584344711509489
6,mismatched,A,38,0.4272,31,-1.5456371724966071
6,mismatched,A,39,0.4365,22,-1.686015803536231
6,mismatched,A,40,0.4438,20,-3.7416319960029796
6,mismatched,A,41,0.4512,31,-2.3711467165830395
6,mismatched,A,42,0.463,31,-3.09378871082839
6,mismatched,A,43,0.4704,77,-2.5594452209936986
6,mismatched,A,44,0.4954,19,-4.05886400138077
6,mismatched,A,45,0.5038,100,-3.904675626968965
6,mismatched,A,46,0.536,79,-2.5841537593875694
6,mismatched,A,47,0.5587,68,-3.26699240805636
6,mismatched,A,48,0.5782,85,-3.279052400882082
6,mismatched,A,49,0.6021,20,-3.214387322962284
6,mismatched,A,50,0.6096,19,-1.715585830128188
6,mismatched,A,51,0.6162,16,-1.0980928023873275
6,mismatched,A,52,0.6223,17,-2.483934977886212
6,mismatched,A,53,0.6603,30,-4.250966765979926
6,mismatched,A,54,0.6756,16,-2.1468589651049115
6,mismatched,A,55,0.6834,23,-1.7106171761760893
6,mismatched,A,56,0.6941,37,-1.9469441516526245
6,mismatched,A,57,0.7065,27,-1.8604016757949635
6,mismatched,A,58,0.7191,22,-1.9131966692611142
6,mismatched,A,59,0.7328,11,-2.7008715488693933
6,mismatched,A,60,0.7382,21,-2.3123440916117812
6,mismatched,A,61,0.7469,20,-3.198044814595778
6,mismatched,A,62,0.7616,22,-1.9822749876501886
6,mismatched,A,63,0.7714,130,-2.4096313679176653
6,mismatched,A,64,0.8116,75,-2.8574629573337735
6,mismatched,A,65,0.834,37,-2.284283381559559
6,mismatched,A,66,0.8493,33,-3.8537928907934464
6,mismatched,A,67,0.867,53,-1.5007703291130898
6,mismatched,A,68,0.8798,21,-2.8145358356248056
6,mismatched,A,69,0.8873,18,-2.160179413441079
6,mismatched,A,70,0.8983,26,-3.122741064773156
6,mismatched,A,71,0.9067,42,-3.029469671775587
6,mismatched,A,72,0.9229,25,-2.7409008387697393
6,mismatched,A,73,0.9307,24,-3.2965843046452696
6,mismatched,A,74,0.9373,40,-3.493154598226101
6,mismatched,A,75,0.9528,13,-2.3174615404747714
6,mismatched,A,76,0.9581,29,-1.8389905815109098
6,mismatched,A,77,0.9669,49,-0.7343827531102372
6,mismatched,A,78,0.991,27,-2.9484408271533473
6,mismatched,B,0,0.0,20,-0.009378776922608268
6,mismatched,B,1,0.0379,17,-0.015453300160836935
6,mismatched,B,2,0.0859,19,-0.001645457848529699
6,mismatched,B,3,0.1397,31,-0.010543103942836751
6,mismatched,B,4,0.207,24,-0.0026512936428844114
6,mismatched,B,5,0.2668,18,-0.09193930525964333
6,mismatched,B,6,0.3132,14,-0.02598786582218184
6,mismatched,B,7,0.3537,17,-0.01003464159245649
6,mismatched,B,8,0.4007,25,-0.00938714657107994
6,mismatched,B,9,0.4535,24,-0.005836103552004109
6,mismatched,B,10,0.5394,23,-0.020867827034595866
6,mismatched,B,11,0.5867,28,-0.001567655578290734
6,mismatched,B,12,0.6757,38,-0.0011524908591845336
6,mismatched,B,13,0.7481,16,-0.002888837590944604
6,mismatched,B,14,0.8062,19,-0.003656669570677638
6,mismatched,B,15,0.8441,39,-0.001530813500535143
6,mismatched,B,16,0.953,23,-0.008447797746276077
7,cold,A,0,0.0,83,-2.702503563189446
7,cold,A,1,0.0276,29,-3.5285209270900695
7,cold,A,2,0.0392,44,-3.2422976096330043
7,cold,A,3,0.0547,37,-1.13315683292682
7,cold,A,4,0.0644,42,-1.3411549422640487
7,cold,A,5,0.073,21,-1.6626634115985195
7,cold,A,6,0.0818,17,-3.3156998577486614
7,cold,A,7,0.0943,55,-0.8730824814903
7,cold,A,8,0.1077,40,-1.443015932110302
7,cold,A,9,0.1253,11,-1.8303091925653545
7,cold,A,10,0.1374,16,-1.920110086583918
7,cold,A,11,0.1534,32,-2.748701540607726
7,cold,A,12,0.1671,46,-2.065279095821018
7,cold,A,13,0.1806,27,-1.5212295250783898
7,cold,A,14,0.1876,13,-2.2648805271959507
7,cold,A,15,0.1929,25,-2.4393920852988957
7,cold,A,16,0.2013,19,-2.7952511876846025
7,cold,A,17,0.2126,34,-2.8107535607842316
7,cold,A,18,0.2251,34,-2.879886921568079
7,cold,A,19,0.2458,21,-1.0539575820079161
7,cold,A,20,0.2575,29,-1.5890451493386504
7,cold,A,21,0.2741,11,-4.034363873895597
7,cold,A,22,0.281,22,-2.241154809704643
7,cold,A,23,0.2866,47,-2.7602303529373726
7,cold,A,24,0.3008,53,-2.039286178974369
7,cold,A,25,0.3146,17,-2.3270583013654687
7,cold,A,26,0.322,31,-3.0258971634771554
7,cold,A,27,0.3518,33,-1.970936554447028
7,cold,A,28,0.3638,29,-2.3553496328150403
7,cold,A,29,0.3772,27,-2.6996974406970873
7,cold,A,30,0.3883,16,-2.6951318855863065
7,cold,A,31,0.3962,50,-2.6864822933077814
7,cold,A,32,0.4094,26,-2.760965438698454
7,cold,A,33,0.4172,15,-2.853394306326906
7,cold,A,34,0.4298,15,-3.756045287599166
7,cold,A,35,0.4385,67,-2.487478115437109
7,cold,A,36,0.4622,49,-1.7573713975015919
7,cold,A,37,0.4757,22,-1.7956648291993504
7,cold,A,38,0.4904,24,-3.225952801605066
7,cold,A,39,0.5082,19,-2.673072760728629
7,cold,A,40,0.5162,41,-1.4992835741415946
7,cold,A,41,0.5287,23,-1.4592925111729014
7,cold,A,42,0.5373,28,-0.7983885460188114
7,cold,A,43,0.5459,16,-2.0781955344136804
7,cold,A,44,0.5532,58,-2.6641670457862223
7,cold,A,45,0.583,21,-3.6472440298114503
7,cold,A,46,0.5953,16,-2.6267831014702097
7,cold,A,47,0.6019,28,-2.981974580691063
7,cold,A,48,0.6155,17,-1.6433654103037791
7,cold,A,49,0.6287,11,-2.007833396338604
7,cold,A,50,0.6458,62,-1.8093442196512504
7,cold,A,51,0.663,27,-3.0573097684731088
7,cold,A,52,0.6718,23,-2.762552838813028
7,cold,A,53,0.6788,26,-2.975140148308128
7,cold,A,54,0.6886,20,-2.085780593380332
7,cold,A,55,0.7031,21,-2.651471989451065
7,cold,A,56,0.711,22,-2.272654605013403
7,cold,A,57,0.7194,17,-2.233931612291866
7,cold,A,58,0.7266,34,-2.91274224528495
7,cold,A,59,0.7387,19,-2.3221230885553124
7,cold,A,60,0.7514,15,-1.4706795301945628
7,cold,A,61,0.7616,101,-2.3581820044149
7,cold,A,62,0.7945,102,-3.221215540394826
7,cold,A,63,0.8272,122,-2.841457995564866
7,cold,A,64,0.8589,31,-2.456741041901912
7,cold,A,65,0.8693,157,-2.495441006964249
7,cold,A,66,0.9106,42,-3.5652285508168418
7,cold,A,67,0.9273,23,-3.265003163853417
7,cold,A,68,0.9371,139,-2.1585981362514373
7,cold,A,69,0.9751,41,-3.674398583451587
7,cold,A,70,0.988,31,-2.951324879342029
7,cold,B,0,0.0,42,-0.0006602801117553879
7,cold,B,1,0.0777,43,-0.004551854711513273
7,cold,B,2,0.1602,28,-0.0035887769874014858
7,cold,B,3,0.2587,34,-0.007971213642175665
7,cold,B,4,0.3549,20,-0.07270969811070245
7,cold,B,5,0.4018,27,-0.003168874515621509
7,cold,B,6,0.46,22,-0.008900492519883714
7,cold,B,7,0.5253,14,-0.0034544450640428942
7,cold,B,8,0.5671,20,-0.0068020944447198415
7,cold,B,9,0.6181,31,-0.0017372249942068706
7,cold,B,10,0.7153,17,-0.0028338895821675312
7,cold,B,11,0.7584,32,-0.0016810854820050736
7,cold,B,12,0.819,32,-0.0008742894419100367
7,cold,B,13,0.8723,20,-0.004684475409658262
7,cold,B,14,0.9192,19,-0.0025781620229520883
7,warm,A,0,0.0,83,-2.8718958366103857
7,warm,A,1,0.0276,29,-3.6570060283331007
7,warm,A,2,0.0392,44,-3.310080934823914
7,warm,A,3,0.0547,37,-1.3258582491449684
7,warm,A,4,0.0644,42,-1.4006902314140461
7,warm,A,5,0.073,21,-1.678140960467447
7,warm,A,6,0.0818,17,-3.391751876347424
7,warm,A,7,0.0943,55,-1.0217169600280283
7,warm,A,8,0.1077,40,-1.5330099120765226
7,warm,A,9,0.1253,11,-1.8730574568564242
7,warm,A,10,0.1374,16,-1.9436808103127987
7,warm,A,11,0.1534,32,-2.763047176791588
7,warm,A,12,0.1671,46,-2.122958201903637
7,warm,A,13,0.1806,27,-1.6968833999018427
7,warm,A,14,0.1876,13,-2.815075553380526
7,warm,A,15,0.1929,25,-2.5361554919183256
7,warm,A,16,0.2013,19,-2.687997023918127
7,warm,A,17,0.2126,34,-3.274877998320495
7,warm,A,18,0.2251,34,-2.846008057158221
7,warm,A,19,0.2458,21,-1.2301754213071294
7,warm,A,20,0.2575,29,-1.8448916387097942
7,warm,A,21,0.2741,11,-3.8000053546645423
7,warm,A,22,0.281,22,-2.8355391789227724
7,warm,A,23,0.2866,47,-2.727603631980836
7,warm,A,24,0.3008,53,-2.2225704142375724
7,warm,A,25,0.3146,17,-2.7572133225553177
7,warm,A,26,0.322,31,-3.242832523350033
7,warm,A,27,0.3518,33,-2.003577058640958
7,warm,A,28,0.3638,29,-2.6966642571677424
7,warm,A,29,0.3772,27,-2.7937749108230627
7,warm,A,30,0.3883,16,-2.765623982762918
7,warm,A,31,0.3962,50,-2.8408196079730987
7,warm,A,32,0.4094,26,-2.878956099291547
7,warm,A,33,0.4172,15,-2.990174877643585
7,warm,A,34,0.4298,15,-3.5920110007127124
7,warm,A,35,0.4385,67,-2.545619523492833
7,warm,A,36,0.4622,49,-1.8318658582521699
7,warm,A,37,0.4757,22,-2.149261739242568
7,warm,A,38,0.4904,24,-3.7086178734898567
7,warm,A,39,0.5082,19,-3.0919950380921364
7,warm,A,40,0.5162,41,-1.7184539529088196
7,warm,A,41,0.5287,23,-1.5272041039703332
7,warm,A,42,0.5373,28,-0.9126935358924259
7,warm,A,43,0.5459,16,-2.069753655581735
7,warm,A,44,0.5532,58,-2.7913176765472723
7,warm,A,45,0.583,21,-3.73516004621273
7,warm,A,46,0.5953,16,-2.6443682725075632
7,warm,A,47,0.6019,28,-3.029010744615724
7,warm,A,48,0.6155,17,-1.689061239351491
7,warm,A,49,0.6287,11,-2.1914677907797424
7,warm,A,50,0.6458,62,-2.1576539599031563
7,warm,A,51,0.663,27,-3.09828447729901
7,warm,A,52,0.6718,23,-3.363238891100754
7,warm,A,53,0.6788,26,-3.048607655800879
7,warm,A,54,0.6886,20,-2.3865994907915593
7,warm,A,55,0.7031,21,-2.7758992520116625
7,warm,A,56,0.711,22,-2.2135503676122013
7,warm,A,57,0.7194,17,-2.1280194466406317
7,warm,A,58,0.7266,34,-2.9257824600619426
7,warm,A,59,0.7387,19,-2.504047774415659
7,warm,A,60,0.7514,15,-1.370641234043675
7,warm,A,61,0.7616,101,-2.2838647424740173
7,warm,A,62,0.7945,102,-3.0688238072428193
7,warm,A,63,0.8272,122,-2.8411827743684177
7,warm,A,64,0.8589,31,-2.5465909531828195
7,warm,A,65,0.8693,157,-2.4152664998457265
7,warm,A,66,0.9106,42,-3.4918145637160967
7,warm,A,67,0.9273,23,-3.0110745034787967
7,warm,A,68,0.9371,139,-2.252501721972124
7,warm,A,69,0.9751,41,-4.489958882771955
7,warm,A,70,0.988,31,-3.26008980673167
7,warm,B,0,0.0,42,-0.0038318459444976077
7,warm,B,1,0.0777,43,-0.008499914476699412
7,warm,B,2,0.1602,28,-0.010992991989561622
7,warm,B,3,0.2587,34,-0.0052869061453427145
7,warm,B,4,0.3549,20,-0.04266126283764606
7,warm,B,5,0.4018,27,-0.00267611524692189
7,warm,B,6,0.46,22,-0.003990822679373774
7,warm,B,7,0.5253,14,-0.05561278598725039
7,warm,B,8,0.5671,20,-0.020477468974422663
7,warm,B,9,0.6181,31,-0.0024898704575588774
7,warm,B,10,0.7153,17,-0.003436552273342386
7,warm,B,11,0.7584,32,-0.0011967152616989551
7,warm,B,12,0.819,32,-0.001179726461316477
7,warm,B,13,0.8723,20,-0.002469230220958707
7,warm,B,14,0.9192,19,-0.0024425632727798074
7,mismatched,A,0,0.0,83,-2.924557003565518
7,mismatched,A,1,0.0276,29,-3.669788969295292
7,mismatched,A,2,0.0392,44,-3.3638808452947573
7,mismatched,A,3,0.0547,37,-1.3607784295753524
7,mismatched,A,4,0.0644,42,-1.423885282054211
7,mismatched,A,5,0.073,21,-1.6634179181419313
7,mismatched,A,6,0.0818,17,-3.4473914854940686
7,mismatched,A,7,0.0943,55,-0.9872252180354156
7,mismatched,A,8,0.1077,40,-1.5705130175570958
7,mismatched,A,9,0.1253,11,-1.953064346855337
7,mismatched,A,10,0.1374,16,-1.9506537210254464
7,mismatched,A,11,0.1534,32,-2.76422916125739
7,mismatched,A,12,0.1671,46,-2.103312905862644
7,mismatched,A,13,0.1806,27,-1.6893077356464885
7,mismatched,A,14,0.1876,13,-2.8840188063108005
7,mismatched,A,15,0.1929,25,-2.63120092228055
7,mismatched,A,16,0.2013,19,-2.7413170894509866
7,mismatched,A,17,0.2126,34,-3.3096707990283476
7,mismatched,A,18,0.2251,34,-2.8274301548132343
7,mismatched,A,19,0.2458,21,-1.2746508755787676
7,mismatched,A,20,0.2575,29,-1.8454500121959678
7,mismatched,A,21,0.2741,11,-3.7594565113752405
7,mismatched,A,22,0.281,22,-2.7533243261277676
7,mismatched,A,23,0.2866,47,-2.8453937971300665
7,mismatched,A,24,0.3008,53,-2.383349414869818
7,mismatched,A,25,0.3146,17,-2.802390894469093
7,mismatched,A,26,0.322,31,-3.2798174427702063
7,mismatched,A,27,0.3518,33,-2.087432818533147
7,mismatched,A,28,0.3638,29,-2.7190302262275385
7,mismatched,A,29,0.3772,27,-2.8526248184067233
7,mismatched,A,30,0.3883,16,-2.925129322335124
7,mismatched,A,31,0.3962,50,-2.9295173825323584
7,mismatched,A,32,0.4094,26,-2.9948350438095916
7,mismatched,A,33,0.4172,15,-3.072043509533008
7,mismatched,A,34,0.4298,15,-3.749943423271179
7,mismatched,A,35,0.4385,67,-2.567736193182819
7,mismatched,A,36,0.4622,49,-1.9213934677192106
7,mismatched,A,37,0.4757,22,-2.116326921524226
7,mismatched,A,38,0.4904,24,-3.892638045673569
7,mismatched,A,39,0.5082,19,-3.049050129459877
7,mismatched,A,40,0.5162,41,-1.7182092111960208
7,mismatched,A,41,0.5287,23,-1.6642935127121112
7,mismatched,A,42,0.5373,28,-0.9455192022391462
7,mismatched,A,43,0.5459,16,-2.112032833741978
7,mismatched,A,44,0.5532,58,-2.8462911805194193
7,mismatched,A,45,0.583,21,-3.7566443001407954
7,mismatched,A,46,0.5953,16,-2.585313240881078
7,mismatched,A,47,0.6019,28,-3.004755549531962
7,mismatched,A,48,0.6155,17,-1.8193175553049727
7,mismatched,A,49,0.6287,11,-2.3290213500572876
7,mismatched,A,50,0.6458,62,-2.259773666930062
7,mismatched,A,51,0.663,27,-3.3284297832460314
7,mismatched,A,52,0.6718,23,-3.424877385730329
7,mismatched,A,53,0.6788,26,-3.0874634329229593
7,mismatched,A,54,0.6886,20,-2.536205896362662
7,mismatched,A,55,0.7031,21,-2.8297744645249274
7,mismatched,A,56,0.711,22,-2.1877884503072975
7,mismatched,A,57,0.7194,17,-2.309305853823282
7,mismatched,A,58,0.7266,34,-3.040243110455134
7,mismatched,A,59,0.7387,19,-2.507593145692035
7,mismatched,A,60,0.7514,15,-1.2701755399015382
7,mismatched,A,61,0.7616,101,-2.3890611145375664
7,mismatched,A,62,0.7945,102,-3.2406340773746956
7,mismatched,A,63,0.8272,122,-2.976299445018159
7,mismatched,A,64,0.8589,31,-2.7171436758719443
7,mismatched,A,65,0.8693,157,-2.5469347359627412
7,mismatched,A,66,0.9106,42,-3.6865336446401975
7,mismatched,A,67,0.9273,23,-3.6480850357076395
7,mismatched,A,68,0.9371,139,-2.3535484032924856
7,mismatched,A,69,0.9751,41,-4.3934590354982035
7,mismatched,A,70,0.988,31,-3.537953772552071
7,mismatched,B,0,0.0,42,-0.009510687904886643
7,mismatched,B,1,0.0777,43,-0.00681211173921542
7,mismatched,B,2,0.1602,28,-0.013098907464154763
7,mismatched,B,3,0.2587,34,-0.00734938885205552
7,mismatched,B,4,0.3549,20,-0.04342126659685164
7,mismatched,B,5,0.4018,27,-0.0023510694666550045
7,mismatched,B,6,0.46,22,-0.006101761650246441
7,mismatched,B,7,0.5253,14,-0.06514905783062984
7,mismatched,B,8,0.5671,20,-0.0219581662240671
7,mismatched,B,9,0.6181,31,-0.003939325675497868
7,mismatched,B,10,0.7153,17,-0.003870982432999881
7,mismatched,B,11,0.7584,32,-0.003716037117101223
7,mismatched,B,12,0.819,32,-0.0017820006241997532
7,mismatched,B,13,0.8723,20,-0.0034842341012335963
7,mismatched,B,14,0.9192,19,-0.0038126606569245554
